UF,Município,Marca Modelo,Ano Fabricação Veículo CRV,Qtd. Veículos
ALAGOAS,CORURIPE,I/AUDI Q5 SB P-HIBRIDO,2024,1.0
ALAGOAS,MACEIO,AUDI/Q3 2.0 TFSI,2024,1.0
ALAGOAS,MACEIO,AUDI/Q3 SPB 2.0 TFSI,2024,6.0
ALAGOAS,MACEIO,I/AUDI A3 SD HIBRIDO,2024,3.0
ALAGOAS,MACEIO,I/AUDI A3 SEDAN 2.0,2024,2.0
ALAGOAS,MACEIO,I/AUDI A4 2.0 SE QUATTRO,2024,1.0
ALAGOAS,MACEIO,I/AUDI Q3 2.0 TFSI,2024,4.0
ALAGOAS,MACEIO,I/AUDI Q3 SPB 2.0 TFSI,2024,3.0
ALAGOAS,MACEIO,I/AUDI Q5 2.0 TFSI,2024,3.0
ALAGOAS,MACEIO,I/AUDI Q5 P-HIBRIDO,2024,5.0
ALAGOAS,MACEIO,I/AUDI Q5 SB P-HIBRIDO,2024,3.0
ALAGOAS,MACEIO,I/AUDI Q7 HIBRIDO,2024,1.0
ALAGOAS,MACEIO,I/AUDI Q8 SB HIBRIDO,2024,1.0
ALAGOAS,MACEIO,I/AUDI RS6 AV PERF HIB,2024,1.0
ALAGOAS,MARECHAL DEODORO,I/AUDI A5 2.0 SB QUATTRO,2024,1.0
ALAGOAS,TRAIPU,I/AUDI Q8 SB HIBRIDO,2024,1.0
AMAZONAS,MANAUS,I/AUDI A3 SB HIBRIDO,2024,6.0
AMAZONAS,MANAUS,I/AUDI A3 SD HIBRIDO,2024,8.0
AMAZONAS,MANAUS,I/AUDI A3 SEDAN 2.0,2024,1.0
AMAZONAS,MANAUS,I/AUDI A4 2.0 SE QUATTRO,2024,1.0
AMAZONAS,MANAUS,I/AUDI A5 2.0 SB QUATTRO,2024,2.0
AMAZONAS,MANAUS,I/AUDI E TRON GT,2024,1.0
AMAZONAS,MANAUS,I/AUDI Q3 2.0 TFSI,2024,4.0
AMAZONAS,MANAUS,I/AUDI Q3 SPB 2.0 TFSI,2024,2.0
AMAZONAS,MANAUS,I/AUDI Q5 2.0 TFSI,2024,1.0
AMAZONAS,MANAUS,I/AUDI Q5 P-HIBRIDO,2024,3.0
AMAZONAS,MANAUS,I/AUDI Q5 SB P-HIBRIDO,2024,5.0
AMAZONAS,MANAUS,I/AUDI Q7 HIBRIDO,2024,1.0
AMAZONAS,MANAUS,I/AUDI RS6 AV PERF HIB,2024,1.0
BAHIA,BARREIRAS,I/AUDI RS6 AV PERF HIB,2024,1.0
BAHIA,CAMACARI,I/AUDI Q3 SPB 2.0 TFSI,2024,1.0
BAHIA,FEIRA DE SANTANA,AUDI/Q3 SPB 2.0 TFSI,2024,1.0
BAHIA,FEIRA DE SANTANA,I/AUDI Q3 2.0 TFSI,2024,1.0
BAHIA,IBITIARA,I/AUDI A4 2.0 SE QUATTRO,2024,1.0
BAHIA,JACOBINA,I/AUDI A5 2.0 SB QUATTRO,2024,1.0
BAHIA,LAURO DE FREITAS,AUDI/Q3 SPB 2.0 TFSI,2024,1.0
BAHIA,LAURO DE FREITAS,I/AUDI Q3 2.0 TFSI,2024,1.0
BAHIA,MIGUEL CALMON,I/AUDI A3 SD HIBRIDO,2024,1.0
BAHIA,PEDRAO,AUDI/Q3 2.0 TFSI,2024,1.0
BAHIA,PEDRAO,I/AUDI Q3 SPB 2.0 TFSI,2024,1.0
BAHIA,PEDRAO,I/AUDI Q5 2.0 TFSI,2024,1.0
BAHIA,RIBEIRA DO POMBAL,I/AUDI Q5 SB P-HIBRIDO,2024,1.0
BAHIA,SALVADOR,AUDI/Q3 2.0 TFSI,2024,6.0
BAHIA,SALVADOR,AUDI/Q3 SPB 2.0 TFSI,2024,3.0
BAHIA,SALVADOR,I/AUDI A3 SB HIBRIDO,2024,3.0
BAHIA,SALVADOR,I/AUDI A3 SD HIBRIDO,2024,4.0
BAHIA,SALVADOR,I/AUDI A3 SEDAN 2.0,2024,1.0
BAHIA,SALVADOR,I/AUDI A4 2.0 SE QUATTRO,2024,2.0
BAHIA,SALVADOR,I/AUDI A5 2.0 SB QUATTRO,2024,4.0
BAHIA,SALVADOR,I/AUDI Q3 2.0 TFSI,2024,11.0
BAHIA,SALVADOR,I/AUDI Q3 SPB 2.0 TFSI,2024,8.0
BAHIA,SALVADOR,I/AUDI Q3 SPB 2.0 TSFI,2024,1.0
BAHIA,SALVADOR,I/AUDI Q5 2.0 TFSI,2024,9.0
BAHIA,SALVADOR,I/AUDI Q5 P-HIBRIDO,2024,4.0
BAHIA,SALVADOR,I/AUDI Q5 SB P-HIBRIDO,2024,4.0
BAHIA,SALVADOR,I/AUDI Q7 HIBRIDO,2024,1.0
BAHIA,SALVADOR,I/AUDI RS6 AV PERF HIB,2024,1.0
BAHIA,VITORIA DA CONQUISTA,I/AUDI Q3 2.0 TFSI,2024,1.0
CEARA,AQUIRAZ,I/AUDI A5 2.0 SB QUATTRO,2024,1.0
CEARA,EUSEBIO,I/AUDI A4 2.0 SE QUATTRO,2024,1.0
CEARA,FORTALEZA,AUDI/Q3 2.0 TFSI,2024,1.0
CEARA,FORTALEZA,AUDI/Q3 SPB 2.0 TFSI,2024,2.0
CEARA,FORTALEZA,I/AUDI A3 SB HIBRIDO,2024,1.0
CEARA,FORTALEZA,I/AUDI A3 SD HIBRIDO,2024,1.0
CEARA,FORTALEZA,I/AUDI A3 SEDAN 2.0,2024,2.0
CEARA,FORTALEZA,I/AUDI A4 2.0 SE QUATTRO,2024,1.0
CEARA,FORTALEZA,I/AUDI A5 2.0 SB QUATTRO,2024,4.0
CEARA,FORTALEZA,I/AUDI Q3 2.0 TFSI,2024,7.0
CEARA,FORTALEZA,I/AUDI Q5 2.0 TFSI,2024,4.0
CEARA,FORTALEZA,I/AUDI Q5 P-HIBRIDO,2024,3.0
CEARA,FORTALEZA,I/AUDI Q5 SB P-HIBRIDO,2024,2.0
CEARA,FORTALEZA,I/AUDI Q6 ETRON QUATTRO,2024,1.0
CEARA,FORTALEZA,I/AUDI Q7 HIBRIDO,2024,1.0
CEARA,FORTALEZA,I/AUDI Q8 SB HIBRIDO,2024,2.0
CEARA,FORTALEZA,I/AUDI RS6 AV PERF HIB,2024,1.0
CEARA,MARACANAU,I/AUDI A3 SD HIBRIDO,2024,1.0
CEARA,PINDORETAMA,I/AUDI Q8 SB HIBRIDO,2024,1.0
DISTRITO FEDERAL,BRASILIA,AUDI/Q3 2.0 TFSI,2024,3.0
DISTRITO FEDERAL,BRASILIA,AUDI/Q3 SPB 2.0 TFSI,2024,2.0
DISTRITO FEDERAL,BRASILIA,I/AUDI A3 SB HIBRIDO,2024,4.0
DISTRITO FEDERAL,BRASILIA,I/AUDI A3 SD HIBRIDO,2024,3.0
DISTRITO FEDERAL,BRASILIA,I/AUDI A3 SEDAN 2.0,2024,2.0
DISTRITO FEDERAL,BRASILIA,I/AUDI A4 2.0 SE QUATTRO,2024,2.0
DISTRITO FEDERAL,BRASILIA,I/AUDI A4 2.0 TFSI,2024,2.0
DISTRITO FEDERAL,BRASILIA,I/AUDI A4 SEDAN,2024,1.0
DISTRITO FEDERAL,BRASILIA,I/AUDI A4 TFSI,2024,1.0
DISTRITO FEDERAL,BRASILIA,I/AUDI A5 2.0 SB QUATTRO,2024,15.0
DISTRITO FEDERAL,BRASILIA,I/AUDI A5 SPB 2.0 TFSI,2024,1.0
DISTRITO FEDERAL,BRASILIA,I/AUDI A8L BUSINESS EDIT,2024,1.0
DISTRITO FEDERAL,BRASILIA,I/AUDI Q3 2.0,2024,2.0
DISTRITO FEDERAL,BRASILIA,I/AUDI Q3 2.0 TFSI,2024,25.0
DISTRITO FEDERAL,BRASILIA,I/AUDI Q3 2.0TFSI,2024,1.0
DISTRITO FEDERAL,BRASILIA,I/AUDI Q3 P B 2.0 TFSI,2024,4.0
DISTRITO FEDERAL,BRASILIA,I/AUDI Q3 PERFORMANCE,2024,2.0
DISTRITO FEDERAL,BRASILIA,I/AUDI Q3 SPB 2.0 TFSI,2024,14.0
DISTRITO FEDERAL,BRASILIA,I/AUDI Q3 SPB 2.0 TSFI,2024,3.0
DISTRITO FEDERAL,BRASILIA,I/AUDI Q5 2.0 TFSI Q,2024,1.0
DISTRITO FEDERAL,BRASILIA,I/AUDI Q5 P-HIBRIDO,2024,1.0
DISTRITO FEDERAL,BRASILIA,I/AUDI Q5 S LINE BLACK,2024,1.0
DISTRITO FEDERAL,BRASILIA,I/AUDI Q5 SB P-HIBRIDO,2024,8.0
DISTRITO FEDERAL,BRASILIA,I/AUDI Q7 HIBRIDO,2024,3.0
DISTRITO FEDERAL,BRASILIA,I/AUDI Q8 3.0 TFSI,2024,1.0
DISTRITO FEDERAL,BRASILIA,I/AUDI Q8 E TRON 55,2024,1.0
DISTRITO FEDERAL,BRASILIA,I/AUDI Q8 PERFORMANCE,2024,1.0
ESPIRITO SANTO,BOM JESUS DO NORTE,AUDI/Q3 SPB 2.0 TFSI,2024,1.0
ESPIRITO SANTO,CACHOEIRO DE ITAPEMIRIM,I/AUDI Q3 SPB 2.0 TFSI,2024,1.0
ESPIRITO SANTO,CACHOEIRO DE ITAPEMIRIM,I/AUDI Q5 SB P-HIBRIDO,2024,1.0
ESPIRITO SANTO,CARIACICA,I/AUDI Q8 SB HIBRIDO,2024,1.0
ESPIRITO SANTO,COLATINA,AUDI/Q3 2.0 TFSI,2024,1.0
ESPIRITO SANTO,GUARAPARI,AUDI/Q3 SPB 2.0 TFSI,2024,1.0
ESPIRITO SANTO,JOAO NEIVA,I/AUDI A5 2.0 SB QUATTRO,2024,1.0
ESPIRITO SANTO,LINHARES,AUDI/Q3 2.0 TFSI,2024,1.0
ESPIRITO SANTO,PIUMA,I/AUDI Q3 SPB 2.0 TFSI,2024,1.0
ESPIRITO SANTO,SANTA TERESA,I/AUDI A3 SB HIBRIDO,2024,1.0
ESPIRITO SANTO,SAO GABRIEL DA PALHA,I/AUDI A4 2.0 SE QUATTRO,2024,1.0
ESPIRITO SANTO,SERRA,AUDI/Q3 SPB 2.0 TFSI,2024,1.0
ESPIRITO SANTO,VARGEM ALTA,I/AUDI RS6 AV PERF HIB,2024,1.0
ESPIRITO SANTO,VILA VELHA,AUDI/Q3 2.0 TFSI,2024,2.0
ESPIRITO SANTO,VILA VELHA,I/AUDI A3 SB HIBRIDO,2024,2.0
ESPIRITO SANTO,VILA VELHA,I/AUDI Q3 2.0 TFSI,2024,1.0
ESPIRITO SANTO,VILA VELHA,I/AUDI Q3 SPB 2.0 TFSI,2024,1.0
ESPIRITO SANTO,VILA VELHA,I/AUDI Q5 2.0 TFSI,2024,1.0
ESPIRITO SANTO,VILA VELHA,I/AUDI Q5 P-HIBRIDO,2024,1.0
ESPIRITO SANTO,VILA VELHA,I/AUDI Q5 SB P-HIBRIDO,2024,1.0
ESPIRITO SANTO,VILA VELHA,I/AUDI RS6 AV PERF HIB,2024,1.0
ESPIRITO SANTO,VITORIA,AUDI/Q3 2.0 TFSI,2024,2.0
ESPIRITO SANTO,VITORIA,AUDI/Q3 SPB 2.0 TFSI,2024,3.0
ESPIRITO SANTO,VITORIA,I/AUDI A3 SB HIBRIDO,2024,1.0
ESPIRITO SANTO,VITORIA,I/AUDI A3 SEDAN 2.0,2024,1.0
ESPIRITO SANTO,VITORIA,I/AUDI A5 2.0 SB QUATTRO,2024,3.0
ESPIRITO SANTO,VITORIA,I/AUDI Q3 2.0 TFSI,2024,1.0
ESPIRITO SANTO,VITORIA,I/AUDI Q3 SPB 2.0 TFSI,2024,2.0
ESPIRITO SANTO,VITORIA,I/AUDI Q5 2.0 TFSI,2024,2.0
ESPIRITO SANTO,VITORIA,I/AUDI Q5 SB P-HIBRIDO,2024,2.0
ESPIRITO SANTO,VITORIA,I/AUDI RS6 AV PERF HIB,2024,1.0
GOIAS,ALTO HORIZONTE,I/AUDI A4 2.0 SE QUATTRO,2024,1.0
GOIAS,ANAPOLIS,AUDI/Q3 SPB 2.0 TFSI,2024,1.0
GOIAS,ANAPOLIS,I/AUDI Q3 2.0 TFSI,2024,3.0
GOIAS,ANAPOLIS,I/AUDI Q5 2.0 TFSI,2024,1.0
GOIAS,ANAPOLIS,I/AUDI Q7 HIBRIDO,2024,1.0
GOIAS,ANAPOLIS,I/AUDI RS5 SB COMP PLUS,2024,1.0
GOIAS,APARECIDA DE GOIANIA,AUDI/Q3 2.0 TFSI,2024,1.0
GOIAS,APARECIDA DE GOIANIA,I/AUDI A5 2.0 SB QUATTRO,2024,1.0
GOIAS,APARECIDA DE GOIANIA,I/AUDI Q3 2.0 TFSI,2024,1.0
GOIAS,APARECIDA DE GOIANIA,I/AUDI Q8 SB HIBRIDO,2024,1.0
GOIAS,CACU,I/AUDI Q3 2.0 TFSI,2024,1.0
GOIAS,GOIANIA,AUDI/Q3 2.0 TFSI,2024,5.0
GOIAS,GOIANIA,AUDI/Q3 SPB 2.0 TFSI,2024,6.0
GOIAS,GOIANIA,I/AUDI A3 SB HIBRIDO,2024,4.0
GOIAS,GOIANIA,I/AUDI A3 SD HIBRIDO,2024,5.0
GOIAS,GOIANIA,I/AUDI A3 SEDAN 2.0,2024,2.0
GOIAS,GOIANIA,I/AUDI A4 2.0 SE QUATTRO,2024,3.0
GOIAS,GOIANIA,I/AUDI A5 2.0 SB QUATTRO,2024,8.0
GOIAS,GOIANIA,I/AUDI Q3 2.0 TFSI,2024,9.0
GOIAS,GOIANIA,I/AUDI Q3 SPB 2.0 TFSI,2024,6.0
GOIAS,GOIANIA,I/AUDI Q5 2.0 TFSI,2024,5.0
GOIAS,GOIANIA,I/AUDI Q5 P-HIBRIDO,2024,3.0
GOIAS,GOIANIA,I/AUDI Q5 SB P-HIBRIDO,2024,3.0
GOIAS,GOIANIA,I/AUDI Q7 HIBRIDO,2024,3.0
GOIAS,GOIANIA,I/AUDI Q8 SB HIBRIDO,2024,4.0
GOIAS,GOIANIA,I/AUDI RS 5 SB COMP PLUS,2024,2.0
GOIAS,GOIANIA,I/AUDI RS6 AV PERF HIB,2024,3.0
GOIAS,INHUMAS,AUDI/Q3 2.0 TFSI,2024,1.0
GOIAS,JATAI,AUDI/Q3 SPB 2.0 TFSI,2024,1.0
GOIAS,MONTE ALEGRE DE GOIAS,I/AUDI Q3 2.0 TFSI,2024,1.0
GOIAS,MONTIVIDIU,AUDI/Q3 2.0 TFSI,2024,1.0
GOIAS,NOVO BRASIL,I/AUDI Q5 2.0 TFSI,2024,1.0
GOIAS,TRINDADE,I/AUDI Q3 SPB 2.0 TFSI,2024,1.0
MARANHAO,SANTO AMARO DO MARANHAO,I/AUDI A5 2.0 SB QUATTRO,2024,1.0
MARANHAO,SAO LUIS,AUDI/Q3 2.0 TFSI,2024,1.0
MARANHAO,SAO LUIS,AUDI/Q3 SPB 2.0 TFSI,2024,1.0
MARANHAO,SAO LUIS,I/AUDI A3 SB HIBRIDO,2024,1.0
MARANHAO,SAO LUIS,I/AUDI A4 2.0 SE QUATTRO,2024,1.0
MARANHAO,SAO LUIS,I/AUDI A5 2.0 SB QUATTRO,2024,2.0
MARANHAO,SAO LUIS,I/AUDI Q5 2.0 TFSI,2024,1.0
MARANHAO,SAO LUIS,I/AUDI Q5 P-HIBRIDO,2024,1.0
MARANHAO,SAO LUIS,I/AUDI Q6 ETRON QUATTRO,2024,1.0
MARANHAO,SAO LUIS,I/AUDI Q8 SB HIBRIDO,2024,1.0
MATO GROSSO,BARRA DO BUGRES,I/AUDI Q8 SB HIBRIDO,2024,1.0
MATO GROSSO,CAMPO VERDE,I/AUDI A3 SD HIBRIDO,2024,1.0
MATO GROSSO,CAMPO VERDE,I/AUDI Q3 SPB 2.0 TFSI,2024,1.0
MATO GROSSO,CAMPO VERDE,I/AUDI Q5 P-HIBRIDO,2024,1.0
MATO GROSSO,CAMPO VERDE,I/AUDI Q5 SB P-HIBRIDO,2024,1.0
MATO GROSSO,CAMPO VERDE,I/AUDI Q8 SB HIBRIDO,2024,1.0
MATO GROSSO,CUIABA,AUDI/Q3 2.0 TFSI,2024,5.0
MATO GROSSO,CUIABA,AUDI/Q3 SPB 2.0 TFSI,2024,4.0
MATO GROSSO,CUIABA,I/AUDI A3 SB HIBRIDO,2024,3.0
MATO GROSSO,CUIABA,I/AUDI A3 SD HIBRIDO,2024,4.0
MATO GROSSO,CUIABA,I/AUDI A3 SEDAN 2.0,2024,1.0
MATO GROSSO,CUIABA,I/AUDI A4 2.0 SE QUATTRO,2024,2.0
MATO GROSSO,CUIABA,I/AUDI A5 2.0 SB QUATTRO,2024,3.0
MATO GROSSO,CUIABA,I/AUDI Q3 2.0 TFSI,2024,5.0
MATO GROSSO,CUIABA,I/AUDI Q3 SPB 2.0 TFSI,2024,3.0
MATO GROSSO,CUIABA,I/AUDI Q5 2.0 TFSI,2024,4.0
MATO GROSSO,CUIABA,I/AUDI Q5 P-HIBRIDO,2024,1.0
MATO GROSSO,CUIABA,I/AUDI Q5 SB P-HIBRIDO,2024,6.0
MATO GROSSO,CUIABA,I/AUDI Q6 ETRON QUATTRO,2024,1.0
MATO GROSSO,CUIABA,I/AUDI Q8 SB HIBRIDO,2024,1.0
MATO GROSSO,CUIABA,I/AUDI RS 5 SB COMP PLUS,2024,1.0
MATO GROSSO,LAMBARI D'OESTE,I/AUDI A3 SEDAN 2.0,2024,1.0
MATO GROSSO,LUCAS DO RIO VERDE,I/AUDI Q3 2.0 TFSI,2024,2.0
MATO GROSSO,NOVA MUTUM,I/AUDI Q5 2.0 TFSI,2024,1.0
MATO GROSSO,NOVA MUTUM,I/AUDI Q5 SB P-HIBRIDO,2024,1.0
MATO GROSSO,NOVA UBIRATA,I/AUDI Q5 SB P-HIBRIDO,2024,1.0
MATO GROSSO,POCONE,AUDI/Q3 SPB 2.0 TFSI,2024,1.0
MATO GROSSO,PRIMAVERA DO LESTE,I/AUDI A5 2.0 SB QUATTRO,2024,1.0
MATO GROSSO,PRIMAVERA DO LESTE,I/AUDI Q3 SPB 2.0 TFSI,2024,1.0
MATO GROSSO,PRIMAVERA DO LESTE,I/AUDI Q5 2.0 TFSI,2024,1.0
MATO GROSSO,PRIMAVERA DO LESTE,I/AUDI Q5 SB P-HIBRIDO,2024,1.0
MATO GROSSO,RONDONOPOLIS,I/AUDI Q5 2.0 TFSI,2024,1.0
MATO GROSSO,SAO JOSE DO RIO CLARO,I/AUDI Q5 SB P-HIBRIDO,2024,1.0
MATO GROSSO,SAO JOSE DOS QUATRO MARCOS,AUDI/Q3 SPB 2.0 TFSI,2024,1.0
MATO GROSSO,SINOP,AUDI/Q3 2.0 TFSI,2024,1.0
MATO GROSSO,SINOP,I/AUDI A5 2.0 SB QUATTRO,2024,1.0
MATO GROSSO,SINOP,I/AUDI Q5 2.0 TFSI,2024,2.0
MATO GROSSO,SINOP,I/AUDI Q8 SB HIBRIDO,2024,1.0
MATO GROSSO,SORRISO,AUDI/Q3 SPB 2.0 TFSI,2024,1.0
MATO GROSSO,SORRISO,I/AUDI A3 SD HIBRIDO,2024,1.0
MATO GROSSO,SORRISO,I/AUDI Q3 2.0 TFSI,2024,1.0
MATO GROSSO,SORRISO,I/AUDI Q3 SPB 2.0 TFSI,2024,1.0
MATO GROSSO,SORRISO,I/AUDI Q5 SB P-HIBRIDO,2024,1.0
MATO GROSSO,TANGARA DA SERRA,I/AUDI Q5 P-HIBRIDO,2024,1.0
MATO GROSSO,VARZEA GRANDE,I/AUDI A4 2.0 SE QUATTRO,2024,1.0
MATO GROSSO DO SUL,BODOQUENA,I/AUDI A3 SD HIBRIDO,2024,1.0
MATO GROSSO DO SUL,CAMPO GRANDE,AUDI/Q3 2.0 TFSI,2024,6.0
MATO GROSSO DO SUL,CAMPO GRANDE,AUDI/Q3 SPB 2.0 TFSI,2024,5.0
MATO GROSSO DO SUL,CAMPO GRANDE,I/AUDI A3 SB HIBRIDO,2024,1.0
MATO GROSSO DO SUL,CAMPO GRANDE,I/AUDI A3 SD HIBRIDO,2024,5.0
MATO GROSSO DO SUL,CAMPO GRANDE,I/AUDI A3 SEDAN 2.0,2024,3.0
MATO GROSSO DO SUL,CAMPO GRANDE,I/AUDI A4 2.0 SE QUATTRO,2024,2.0
MATO GROSSO DO SUL,CAMPO GRANDE,I/AUDI A5 2.0 SB QUATTRO,2024,2.0
MATO GROSSO DO SUL,CAMPO GRANDE,I/AUDI Q3 2.0 TFSI,2024,12.0
MATO GROSSO DO SUL,CAMPO GRANDE,I/AUDI Q3 SPB 2.0 TFSI,2024,4.0
MATO GROSSO DO SUL,CAMPO GRANDE,I/AUDI Q5 2.0 TFSI,2024,6.0
MATO GROSSO DO SUL,CAMPO GRANDE,I/AUDI Q5 P-HIBRIDO,2024,7.0
MATO GROSSO DO SUL,CAMPO GRANDE,I/AUDI Q5 SB P-HIBRIDO,2024,6.0
MATO GROSSO DO SUL,CAMPO GRANDE,I/AUDI Q8 SB HIBRIDO,2024,5.0
MATO GROSSO DO SUL,CAMPO GRANDE,I/AUDI RS 5 SB COMP PLUS,2024,2.0
MATO GROSSO DO SUL,CASSILANDIA,I/AUDI A4 2.0 SE QUATTRO,2024,1.0
MATO GROSSO DO SUL,CHAPADAO DO SUL,AUDI/Q3 2.0 TFSI,2024,1.0
MATO GROSSO DO SUL,CHAPADAO DO SUL,I/AUDI Q3 2.0 TFSI,2024,1.0
MATO GROSSO DO SUL,CHAPADAO DO SUL,I/AUDI RS 5 SB COMP PLUS,2024,1.0
MATO GROSSO DO SUL,DOURADOS,I/AUDI A5 2.0 SB QUATTRO,2024,1.0
MATO GROSSO DO SUL,DOURADOS,I/AUDI Q5 2.0 TFSI,2024,1.0
MATO GROSSO DO SUL,DOURADOS,I/AUDI Q5 SB P-HIBRIDO,2024,1.0
MATO GROSSO DO SUL,JARDIM,AUDI/Q3 2.0 TFSI,2024,1.0
MATO GROSSO DO SUL,JARDIM,I/AUDI Q5 2.0 TFSI,2024,1.0
MATO GROSSO DO SUL,MARACAJU,I/AUDI A5 2.0 SB QUATTRO,2024,1.0
MATO GROSSO DO SUL,PONTA PORA,AUDI/Q3 SPB 2.0 TFSI,2024,1.0
MATO GROSSO DO SUL,TAQUARUSSU,I/AUDI Q3 SPB 2.0 TFSI,2024,1.0
MATO GROSSO DO SUL,TRES LAGOAS,I/AUDI Q3 SPB 2.0 TFSI,2024,1.0
MATO GROSSO DO SUL,TRES LAGOAS,I/AUDI Q5 2.0 TFSI,2024,1.0
MINAS GERAIS,ARAGUARI,I/AUDI Q3 2.0 TFSI,2024,1.0
MINAS GERAIS,ARAGUARI,I/AUDI Q3 SPB 2.0 TFSI,2024,1.0
MINAS GERAIS,BARBACENA,I/AUDI A3 SD HIBRIDO,2024,1.0
MINAS GERAIS,BELO HORIZONTE,AUDI/Q3 2.0 TFSI,2024,29.0
MINAS GERAIS,BELO HORIZONTE,AUDI/Q3 SPB 2.0 TFSI,2024,18.0
MINAS GERAIS,BELO HORIZONTE,I/AUDI A3 SB HIBRIDO,2024,12.0
MINAS GERAIS,BELO HORIZONTE,I/AUDI A3 SD HIBRIDO,2024,71.0
MINAS GERAIS,BELO HORIZONTE,I/AUDI A3 SEDAN 2.0,2024,11.0
MINAS GERAIS,BELO HORIZONTE,I/AUDI A4 2.0 SE QUATTRO,2024,7.0
MINAS GERAIS,BELO HORIZONTE,I/AUDI A5 2.0 SB QUATTRO,2024,9.0
MINAS GERAIS,BELO HORIZONTE,I/AUDI Q3 2.0 TFSI,2024,147.0
MINAS GERAIS,BELO HORIZONTE,I/AUDI Q3 SPB 2.0 TFSI,2024,19.0
MINAS GERAIS,BELO HORIZONTE,I/AUDI Q5 2.0 TFSI,2024,46.0
MINAS GERAIS,BELO HORIZONTE,I/AUDI Q5 P-HIBRIDO,2024,13.0
MINAS GERAIS,BELO HORIZONTE,I/AUDI Q5 SB P-HIBRIDO,2024,18.0
MINAS GERAIS,BELO HORIZONTE,I/AUDI Q6 ETRON QUATTRO,2024,1.0
MINAS GERAIS,BELO HORIZONTE,I/AUDI Q7 HIBRIDO,2024,1.0
MINAS GERAIS,BELO HORIZONTE,I/AUDI Q8 SB HIBRIDO,2024,2.0
MINAS GERAIS,BELO HORIZONTE,I/AUDI RS6 AV PERF HIB,2024,6.0
MINAS GERAIS,BETIM,AUDI/Q3 2.0 TFSI,2024,2.0
MINAS GERAIS,BETIM,I/AUDI A4 2.0 SE QUATTRO,2024,1.0
MINAS GERAIS,BETIM,I/AUDI Q5 2.0 TFSI,2024,1.0
MINAS GERAIS,BRUMADINHO,I/AUDI Q3 2.0 TFSI,2024,2.0
MINAS GERAIS,CARANGOLA,I/AUDI Q3 2.0 TFSI,2024,1.0
MINAS GERAIS,CARATINGA,AUDI/Q3 SPB 2.0 TFSI,2024,1.0
MINAS GERAIS,COLUNA,I/AUDI A3 SD HIBRIDO,2024,1.0
MINAS GERAIS,CONSELHEIRO LAFAIETE,I/AUDI Q3 SPB 2.0 TFSI,2024,1.0
MINAS GERAIS,CONTAGEM,AUDI/Q3 2.0 TFSI,2024,1.0
MINAS GERAIS,CONTAGEM,AUDI/Q3 SPB 2.0 TFSI,2024,1.0
MINAS GERAIS,CONTAGEM,I/AUDI Q3 2.0 TFSI,2024,1.0
MINAS GERAIS,CONTAGEM,I/AUDI Q5 SB P-HIBRIDO,2024,1.0
MINAS GERAIS,DIVINOPOLIS,I/AUDI A3 SB HIBRIDO,2024,1.0
MINAS GERAIS,GUANHAES,I/AUDI A5 2.0 SB QUATTRO,2024,1.0
MINAS GERAIS,GUAXUPE,I/AUDI A5 2.0 SB QUATTRO,2024,1.0
MINAS GERAIS,IPATINGA,I/AUDI Q5 2.0 TFSI,2024,1.0
MINAS GERAIS,ITABIRA,I/AUDI Q3 2.0 TFSI,2024,1.0
MINAS GERAIS,ITAUNA,AUDI/Q3 2.0 TFSI,2024,1.0
MINAS GERAIS,ITURAMA,I/AUDI A5 2.0 SB QUATTRO,2024,1.0
MINAS GERAIS,JUIZ DE FORA,AUDI/Q3 2.0 TFSI,2024,6.0
MINAS GERAIS,JUIZ DE FORA,AUDI/Q3 SPB 2.0 TFSI,2024,2.0
MINAS GERAIS,JUIZ DE FORA,I/AUDI A3 SB HIBRIDO,2024,2.0
MINAS GERAIS,JUIZ DE FORA,I/AUDI A3 SD HIBRIDO,2024,3.0
MINAS GERAIS,JUIZ DE FORA,I/AUDI A3 SEDAN 2.0,2024,2.0
MINAS GERAIS,JUIZ DE FORA,I/AUDI A4 2.0 SE QUATTRO,2024,1.0
MINAS GERAIS,JUIZ DE FORA,I/AUDI Q3 2.0 TFSI,2024,6.0
MINAS GERAIS,JUIZ DE FORA,I/AUDI Q3 SPB 2.0 TFSI,2024,7.0
MINAS GERAIS,JUIZ DE FORA,I/AUDI Q5 2.0 TFSI,2024,4.0
MINAS GERAIS,JUIZ DE FORA,I/AUDI Q5 P-HIBRIDO,2024,2.0
MINAS GERAIS,JUIZ DE FORA,I/AUDI Q5 SB P-HIBRIDO,2024,1.0
MINAS GERAIS,LAGOA SANTA,I/AUDI Q8 SB HIBRIDO,2024,1.0
MINAS GERAIS,MATIAS BARBOSA,I/AUDI A5 2.0 SB QUATTRO,2024,1.0
MINAS GERAIS,MONTE CARMELO,I/AUDI Q5 2.0 TFSI,2024,2.0
MINAS GERAIS,MONTE CARMELO,I/AUDI Q8 SB HIBRIDO,2024,1.0
MINAS GERAIS,MONTES CLAROS,I/AUDI Q5 2.0 TFSI,2024,1.0
MINAS GERAIS,NOVA LIMA,AUDI/Q3 2.0 TFSI,2024,4.0
MINAS GERAIS,NOVA LIMA,I/AUDI A5 2.0 SB QUATTRO,2024,1.0
MINAS GERAIS,NOVA LIMA,I/AUDI Q3 2.0 TFSI,2024,3.0
MINAS GERAIS,NOVA LIMA,I/AUDI Q3 SPB 2.0 TFSI,2024,1.0
MINAS GERAIS,NOVA LIMA,I/AUDI Q5 2.0 TFSI,2024,3.0
MINAS GERAIS,NOVA LIMA,I/AUDI Q5 P-HIBRIDO,2024,1.0
MINAS GERAIS,NOVA LIMA,I/AUDI Q5 SB P-HIBRIDO,2024,2.0
MINAS GERAIS,NOVA LIMA,I/AUDI Q8 SB HIBRIDO,2024,1.0
MINAS GERAIS,NOVA LIMA,I/AUDI RS6 AV PERF HIB,2024,1.0
MINAS GERAIS,OURO PRETO,AUDI/Q3 SPB 2.0 TFSI,2024,1.0
MINAS GERAIS,PARA DE MINAS,I/AUDI Q7 HIBRIDO,2024,1.0
MINAS GERAIS,PARA DE MINAS,I/AUDI RS6 AV PERF HIB,2024,1.0
MINAS GERAIS,POUSO ALEGRE,I/AUDI A4 2.0 SE QUATTRO,2024,1.0
MINAS GERAIS,SANTO ANTONIO DO MONTE,AUDI/Q3 2.0 TFSI,2024,1.0
MINAS GERAIS,SAO GOTARDO,I/AUDI A5 2.0 SB QUATTRO,2024,1.0
MINAS GERAIS,SAO LOURENCO,I/AUDI A4 2.0 SE QUATTRO,2024,1.0
MINAS GERAIS,SETE LAGOAS,I/AUDI Q5 2.0 TFSI,2024,1.0
MINAS GERAIS,TIMOTEO,I/AUDI Q3 2.0 TFSI,2024,1.0
MINAS GERAIS,TRES MARIAS,AUDI/Q3 2.0 TFSI,2024,1.0
MINAS GERAIS,UBERABA,AUDI/Q3 2.0 TFSI,2024,1.0
MINAS GERAIS,UBERABA,AUDI/Q3 SPB 2.0 TFSI,2024,1.0
MINAS GERAIS,UBERABA,I/AUDI A3 SB HIBRIDO,2024,2.0
MINAS GERAIS,UBERABA,I/AUDI Q5 2.0 TFSI,2024,1.0
MINAS GERAIS,UBERABA,I/AUDI Q5 P-HIBRIDO,2024,1.0
MINAS GERAIS,UBERLANDIA,AUDI/Q3 2.0 TFSI,2024,6.0
MINAS GERAIS,UBERLANDIA,AUDI/Q3 SPB 2.0 TFSI,2024,1.0
MINAS GERAIS,UBERLANDIA,I/AUDI A3 SD HIBRIDO,2024,2.0
MINAS GERAIS,UBERLANDIA,I/AUDI A3 SEDAN 2.0,2024,2.0
MINAS GERAIS,UBERLANDIA,I/AUDI A4 2.0 SE QUATTRO,2024,2.0
MINAS GERAIS,UBERLANDIA,I/AUDI A5 2.0 SB QUATTRO,2024,5.0
MINAS GERAIS,UBERLANDIA,I/AUDI Q3 2.0 TFSI,2024,3.0
MINAS GERAIS,UBERLANDIA,I/AUDI Q3 SPB 2.0 TFSI,2024,2.0
MINAS GERAIS,UBERLANDIA,I/AUDI Q5 2.0 TFSI,2024,4.0
MINAS GERAIS,UBERLANDIA,I/AUDI Q5 P-HIBRIDO,2024,3.0
MINAS GERAIS,UBERLANDIA,I/AUDI Q5 SB P-HIBRIDO,2024,1.0
MINAS GERAIS,UBERLANDIA,I/AUDI Q8 SB HIBRIDO,2024,1.0
MINAS GERAIS,VARGINHA,AUDI/Q3 SPB 2.0 TFSI,2024,1.0
MINAS GERAIS,VICOSA,I/AUDI Q5 2.0 TFSI,2024,1.0
MINAS GERAIS,VIRGINIA,I/AUDI A4 2.0 SE QUATTRO,2024,1.0
PARA,BELEM,AUDI/Q3 2.0 TFSI,2024,1.0
PARA,BELEM,AUDI/Q3 SPB 2.0 TFSI,2024,2.0
PARA,BELEM,I/AUDI A3 SB HIBRIDO,2024,3.0
PARA,BELEM,I/AUDI A3 SD HIBRIDO,2024,1.0
PARA,BELEM,I/AUDI A5 2.0 SB QUATTRO,2024,6.0
PARA,BELEM,I/AUDI Q3 2.0 TFSI,2024,2.0
PARA,BELEM,I/AUDI Q3 SPB 2.0 TFSI,2024,2.0
PARA,BELEM,I/AUDI Q5 2.0 TFSI,2024,4.0
PARA,BELEM,I/AUDI Q5 P-HIBRIDO,2024,4.0
PARA,BELEM,I/AUDI Q7 HIBRIDO,2024,2.0
PARA,BELEM,I/AUDI Q8 SB HIBRIDO,2024,1.0
PARA,BELEM,I/AUDI RS 5 SB COMP PLUS,2024,1.0
PARA,PARAGOMINAS,I/AUDI A4 2.0 SE QUATTRO,2024,1.0
PARAIBA,CAJAZEIRAS,AUDI/Q3 SPB 2.0 TFSI,2024,1.0
PARAIBA,JOAO PESSOA,AUDI/Q3 2.0 TFSI,2024,2.0
PARAIBA,JOAO PESSOA,AUDI/Q3 SPB 2.0 TFSI,2024,2.0
PARAIBA,JOAO PESSOA,I/AUDI A3 SB HIBRIDO,2024,1.0
PARAIBA,JOAO PESSOA,I/AUDI A3 SD HIBRIDO,2024,2.0
PARAIBA,JOAO PESSOA,I/AUDI A3 SEDAN 2.0,2024,1.0
PARAIBA,JOAO PESSOA,I/AUDI A5 2.0 SB QUATTRO,2024,2.0
PARAIBA,JOAO PESSOA,I/AUDI Q3 2.0 TFSI,2024,6.0
PARAIBA,JOAO PESSOA,I/AUDI Q3 SPB 2.0 TFSI,2024,1.0
PARAIBA,JOAO PESSOA,I/AUDI Q5 2.0 TFSI,2024,1.0
PARAIBA,JOAO PESSOA,I/AUDI Q5 P-HIBRIDO,2024,1.0
PARAIBA,JOAO PESSOA,I/AUDI Q6 ETRON QUATTRO,2024,1.0
PARANA,ALMIRANTE TAMANDARE,AUDI/Q3 2.0 TFSI,2024,1.0
PARANA,ALMIRANTE TAMANDARE,I/AUDI Q5 2.0 TFSI,2024,1.0
PARANA,APUCARANA,AUDI/Q3 SPB 2.0 TFSI,2024,1.0
PARANA,APUCARANA,I/AUDI Q5 2.0 TFSI,2024,1.0
PARANA,ARAPONGAS,I/AUDI A3 SB HIBRIDO,2024,2.0
PARANA,ARAPONGAS,I/AUDI Q3 2.0 TFSI,2024,1.0
PARANA,ARAPONGAS,I/AUDI Q3 SPB 2.0 TFSI,2024,1.0
PARANA,ARAUCARIA,AUDI/Q3 2.0 TFSI,2024,1.0
PARANA,ARAUCARIA,I/AUDI A3 SB HIBRIDO,2024,1.0
PARANA,ARAUCARIA,I/AUDI Q5 2.0 TFSI,2024,1.0
PARANA,ASSAI,I/AUDI A5 2.0 SB QUATTRO,2024,1.0
PARANA,BOCAIUVA DO SUL,I/AUDI Q5 SB P-HIBRIDO,2024,1.0
PARANA,CAMBE,I/AUDI A5 2.0 SB QUATTRO,2024,1.0
PARANA,CAMPO LARGO,AUDI/Q3 SPB 2.0 TFSI,2024,1.0
PARANA,CAMPO LARGO,I/AUDI A5 2.0 SB QUATTRO,2024,1.0
PARANA,CAMPO LARGO,I/AUDI Q3 2.0 TFSI,2024,1.0
PARANA,CAMPO LARGO,I/AUDI Q5 2.0 TFSI,2024,2.0
PARANA,CAMPO LARGO,I/AUDI Q5 SB P-HIBRIDO,2024,1.0
PARANA,CAMPO MOURAO,I/AUDI A3 SD HIBRIDO,2024,1.0
PARANA,CASCAVEL,AUDI/Q3 2.0 TFSI,2024,1.0
PARANA,CASCAVEL,AUDI/Q3 SPB 2.0 TFSI,2024,1.0
PARANA,CASCAVEL,I/AUDI Q3 2.0 TFSI,2024,1.0
PARANA,CASCAVEL,I/AUDI Q5 2.0 TFSI,2024,1.0
PARANA,CASTRO,AUDI/Q3 2.0 TFSI,2024,1.0
PARANA,CHOPINZINHO,I/AUDI A3 SB HIBRIDO,2024,1.0
PARANA,CLEVELANDIA,I/AUDI A3 SEDAN 2.0,2024,1.0
PARANA,COLOMBO,I/AUDI A3 SB HIBRIDO,2024,1.0
PARANA,COLOMBO,I/AUDI A3 SEDAN 2.0,2024,1.0
PARANA,COLOMBO,I/AUDI Q5 2.0 TFSI,2024,1.0
PARANA,COLOMBO,I/AUDI Q5 SB P-HIBRIDO,2024,1.0
PARANA,CONTENDA,I/AUDI Q8 SB HIBRIDO,2024,1.0
PARANA,CORNELIO PROCOPIO,AUDI/Q3 SPB 2.0 TFSI,2024,1.0
PARANA,CORNELIO PROCOPIO,I/AUDI Q5 2.0 TFSI,2024,1.0
PARANA,CURITIBA,AUDI/Q3 2.0 TFSI,2024,24.0
PARANA,CURITIBA,AUDI/Q3 SPB 2.0 TFSI,2024,12.0
PARANA,CURITIBA,I/AUDI A3 SB HIBRIDO,2024,18.0
PARANA,CURITIBA,I/AUDI A3 SD HIBRIDO,2024,9.0
PARANA,CURITIBA,I/AUDI A3 SEDAN 2.0,2024,6.0
PARANA,CURITIBA,I/AUDI A4 2.0 SE QUATTRO,2024,6.0
PARANA,CURITIBA,I/AUDI A5 2.0 SB QUATTRO,2024,29.0
PARANA,CURITIBA,I/AUDI Q3 2.0 TFSI,2024,28.0
PARANA,CURITIBA,I/AUDI Q3 SPB 2.0 TFSI,2024,11.0
PARANA,CURITIBA,I/AUDI Q5 2.0 TFSI,2024,43.0
PARANA,CURITIBA,I/AUDI Q5 P-HIBRIDO,2024,17.0
PARANA,CURITIBA,I/AUDI Q5 SB P-HIBRIDO,2024,11.0
PARANA,CURITIBA,I/AUDI Q6 ETRON QUATTRO,2024,2.0
PARANA,CURITIBA,I/AUDI Q7 HIBRIDO,2024,2.0
PARANA,CURITIBA,I/AUDI Q8 SB HIBRIDO,2024,4.0
PARANA,CURITIBA,I/AUDI RS6 AV PERF HIB,2024,2.0
PARANA,DOURADINA,I/AUDI A3 SB HIBRIDO,2024,1.0
PARANA,FOZ DO IGUACU,I/AUDI A3 SD HIBRIDO,2024,1.0
PARANA,FOZ DO IGUACU,I/AUDI Q3 2.0 TFSI,2024,1.0
PARANA,GUAIRA,AUDI/Q3 SPB 2.0 TFSI,2024,1.0
PARANA,GUAIRA,I/AUDI Q3 SPB 2.0 TFSI,2024,1.0
PARANA,GUAIRA,I/AUDI Q5 2.0 TFSI,2024,1.0
PARANA,GUARAPUAVA,I/AUDI A3 SB HIBRIDO,2024,1.0
PARANA,GUARAPUAVA,I/AUDI A5 2.0 SB QUATTRO,2024,1.0
PARANA,GUARAPUAVA,I/AUDI Q3 SPB 2.0 TFSI,2024,1.0
PARANA,GUARAPUAVA,I/AUDI Q5 P-HIBRIDO,2024,2.0
PARANA,IBIPORA,I/AUDI Q8 SB HIBRIDO,2024,1.0
PARANA,ICARAIMA,AUDI/Q3 2.0 TFSI,2024,1.0
PARANA,JACAREZINHO,AUDI/Q3 2.0 TFSI,2024,1.0
PARANA,JACAREZINHO,I/AUDI Q5 2.0 TFSI,2024,1.0
PARANA,JATAIZINHO,I/AUDI Q5 2.0 TFSI,2024,1.0
PARANA,LARANJEIRAS DO SUL,I/AUDI Q5 2.0 TFSI,2024,1.0
PARANA,LONDRINA,AUDI/Q3 2.0 TFSI,2024,5.0
PARANA,LONDRINA,AUDI/Q3 SPB 2.0 TFSI,2024,1.0
PARANA,LONDRINA,I/AUDI A3 SB HIBRIDO,2024,2.0
PARANA,LONDRINA,I/AUDI A3 SD HIBRIDO,2024,3.0
PARANA,LONDRINA,I/AUDI A3 SEDAN 2.0,2024,3.0
PARANA,LONDRINA,I/AUDI A4 2.0 SE QUATTRO,2024,1.0
PARANA,LONDRINA,I/AUDI A5 2.0 SB QUATTRO,2024,8.0
PARANA,LONDRINA,I/AUDI Q3 2.0 TFSI,2024,6.0
PARANA,LONDRINA,I/AUDI Q3 SPB 2.0 TFSI,2024,1.0
PARANA,LONDRINA,I/AUDI Q5 2.0 TFSI,2024,8.0
PARANA,LONDRINA,I/AUDI Q7 HIBRIDO,2024,1.0
PARANA,LONDRINA,I/AUDI Q8 SB HIBRIDO,2024,1.0
PARANA,LUIZIANA,I/AUDI A4 2.0 SE QUATTRO,2024,1.0
PARANA,MARINGA,AUDI/Q3 2.0 TFSI,2024,6.0
PARANA,MARINGA,AUDI/Q3 SPB 2.0 TFSI,2024,3.0
PARANA,MARINGA,I/AUDI A3 SB HIBRIDO,2024,3.0
PARANA,MARINGA,I/AUDI A3 SD HIBRIDO,2024,6.0
PARANA,MARINGA,I/AUDI A3 SEDAN 2.0,2024,1.0
PARANA,MARINGA,I/AUDI A4 2.0 SE QUATTRO,2024,3.0
PARANA,MARINGA,I/AUDI A5 2.0 SB QUATTRO,2024,8.0
PARANA,MARINGA,I/AUDI Q3 2.0 TFSI,2024,3.0
PARANA,MARINGA,I/AUDI Q3 SPB 2.0 TFSI,2024,1.0
PARANA,MARINGA,I/AUDI Q5 2.0 TFSI,2024,10.0
PARANA,MARINGA,I/AUDI Q5 P-HIBRIDO,2024,4.0
PARANA,MARINGA,I/AUDI Q5 SB P-HIBRIDO,2024,3.0
PARANA,MARINGA,I/AUDI Q8 SB HIBRIDO,2024,1.0
PARANA,PAICANDU,I/AUDI Q3 2.0 TFSI,2024,1.0
PARANA,PALMAS,I/AUDI Q5 2.0 TFSI,2024,1.0
PARANA,PALOTINA,AUDI/Q3 2.0 TFSI,2024,1.0
PARANA,PARAISO DO NORTE,AUDI/Q3 SPB 2.0 TFSI,2024,1.0
PARANA,PARANAGUA,AUDI/Q3 2.0 TFSI,2024,1.0
PARANA,PARANAGUA,I/AUDI Q5 2.0 TFSI,2024,1.0
PARANA,PARANAVAI,AUDI/Q3 2.0 TFSI,2024,1.0
PARANA,PATO BRANCO,AUDI/Q3 2.0 TFSI,2024,1.0
PARANA,PATO BRANCO,I/AUDI Q5 2.0 TFSI,2024,1.0
PARANA,PINHAIS,AUDI/Q3 2.0 TFSI,2024,1.0
PARANA,PINHAIS,I/AUDI Q3 2.0 TFSI,2024,1.0
PARANA,PINHAIS,I/AUDI Q3 SPB 2.0 TFSI,2024,2.0
PARANA,PINHAIS,I/AUDI Q5 P-HIBRIDO,2024,1.0
PARANA,PINHAIS,I/AUDI RS6 AV PERF HIB,2024,1.0
PARANA,PIRAQUARA,AUDI/Q3 SPB 2.0 TFSI,2024,1.0
PARANA,PONTA GROSSA,AUDI/Q3 2.0 TFSI,2024,1.0
PARANA,PONTA GROSSA,AUDI/Q3 SPB 2.0 TFSI,2024,2.0
PARANA,PONTA GROSSA,I/AUDI A3 SEDAN 2.0,2024,1.0
PARANA,PONTA GROSSA,I/AUDI A5 2.0 SB QUATTRO,2024,2.0
PARANA,PONTA GROSSA,I/AUDI Q3 2.0 TFSI,2024,7.0
PARANA,PONTA GROSSA,I/AUDI Q3 SPB 2.0 TFSI,2024,1.0
PARANA,PONTA GROSSA,I/AUDI Q5 2.0 TFSI,2024,5.0
PARANA,PONTA GROSSA,I/AUDI Q5 P-HIBRIDO,2024,1.0
PARANA,PONTA GROSSA,I/AUDI Q5 SB P-HIBRIDO,2024,1.0
PARANA,PONTA GROSSA,I/AUDI Q6 ETRON QUATTRO,2024,1.0
PARANA,PORTO RICO,I/AUDI Q3 2.0 TFSI,2024,1.0
PARANA,PRUDENTOPOLIS,I/AUDI Q3 2.0 TFSI,2024,1.0
PARANA,QUATRO BARRAS,I/AUDI A3 SB HIBRIDO,2024,1.0
PARANA,QUATRO BARRAS,I/AUDI A3 SD HIBRIDO,2024,1.0
PARANA,ROLANDIA,AUDI/Q3 2.0 TFSI,2024,1.0
PARANA,ROLANDIA,I/AUDI A5 2.0 SB QUATTRO,2024,1.0
PARANA,SABAUDIA,I/AUDI A5 2.0 SB QUATTRO,2024,1.0
PARANA,SANTA FE,AUDI/Q3 2.0 TFSI,2024,1.0
PARANA,SAO JOSE DOS PINHAIS,I/AUDI A3 SD HIBRIDO,2024,17.0
PARANA,SAO JOSE DOS PINHAIS,I/AUDI A3 SEDAN 2.0,2024,6.0
PARANA,SAO JOSE DOS PINHAIS,I/AUDI A5 2.0 SB QUATTRO,2024,1.0
PARANA,SAO JOSE DOS PINHAIS,I/AUDI Q3 2.0 TFSI,2024,1.0
PARANA,SAO JOSE DOS PINHAIS,I/AUDI Q3 SPB 2.0 TFSI,2024,52.0
PARANA,SAO JOSE DOS PINHAIS,I/AUDI Q5 2.0 TFSI,2024,6.0
PARANA,SAO JOSE DOS PINHAIS,I/AUDI Q5 P-HIBRIDO,2024,4.0
PARANA,SAO JOSE DOS PINHAIS,I/AUDI Q6 ETRON QUATTRO,2024,5.0
PARANA,SAO JOSE DOS PINHAIS,I/AUDI Q7 HIBRIDO,2024,1.0
PARANA,SAO JOSE DOS PINHAIS,I/AUDI Q8 SB HIBRIDO,2024,4.0
PARANA,SARANDI,I/AUDI A5 2.0 SB QUATTRO,2024,1.0
PARANA,UMUARAMA,I/AUDI A5 2.0 SB QUATTRO,2024,1.0
PARANA,UMUARAMA,I/AUDI Q5 2.0 TFSI,2024,1.0
PERNAMBUCO,CABO DE SANTO AGOSTINHO,I/AUDI Q6 ETRON QUATTRO,2024,1.0
PERNAMBUCO,CAMARAGIBE,I/AUDI A3 SD HIBRIDO,2024,1.0
PERNAMBUCO,CARUARU,AUDI/Q3 2.0 TFSI,2024,1.0
PERNAMBUCO,CARUARU,I/AUDI Q3 2.0 TFSI,2024,1.0
PERNAMBUCO,FLORES,I/AUDI A3 SD HIBRIDO,2024,1.0
PERNAMBUCO,JABOATAO DOS GUARARAPES,I/AUDI A3 SEDAN 2.0,2024,1.0
PERNAMBUCO,JABOATAO DOS GUARARAPES,I/AUDI A4 2.0 SE QUATTRO,2024,1.0
PERNAMBUCO,JABOATAO DOS GUARARAPES,I/AUDI Q3 2.0 TFSI,2024,1.0
PERNAMBUCO,OLINDA,I/AUDI A5 2.0 SB QUATTRO,2024,1.0
PERNAMBUCO,PAULISTA,I/AUDI Q3 SPB 2.0 TFSI,2024,1.0
PERNAMBUCO,RECIFE,AUDI/Q3 2.0 TFSI,2024,4.0
PERNAMBUCO,RECIFE,AUDI/Q3 SPB 2.0 TFSI,2024,5.0
PERNAMBUCO,RECIFE,I/AUDI A3 SB HIBRIDO,2024,1.0
PERNAMBUCO,RECIFE,I/AUDI A3 SD HIBRIDO,2024,4.0
PERNAMBUCO,RECIFE,I/AUDI A3 SEDAN 2.0,2024,2.0
PERNAMBUCO,RECIFE,I/AUDI A4 2.0 SE QUATTRO,2024,2.0
PERNAMBUCO,RECIFE,I/AUDI A4 S 2.0 TFSI,2024,1.0
PERNAMBUCO,RECIFE,I/AUDI A5 2.0 SB QUATTRO,2024,2.0
PERNAMBUCO,RECIFE,I/AUDI Q3 2.0 TFSI,2024,7.0
PERNAMBUCO,RECIFE,I/AUDI Q3 SPB 2.0 TFSI,2024,6.0
PERNAMBUCO,RECIFE,I/AUDI Q5 2.0 TFSI,2024,17.0
PERNAMBUCO,RECIFE,I/AUDI Q5 P-HIBRIDO,2024,2.0
PERNAMBUCO,RECIFE,I/AUDI Q5 SB P-HIBRIDO,2024,4.0
PERNAMBUCO,RECIFE,I/AUDI Q8 SB HIBRIDO,2024,1.0
PERNAMBUCO,RECIFE,I/AUDI RS6 AV PERF HIB,2024,1.0
PIAUI,TERESINA,AUDI/Q3 2.0 TFSI,2024,2.0
PIAUI,TERESINA,AUDI/Q3 SPB 2.0 TFSI,2024,1.0
PIAUI,TERESINA,I/AUDI A3 SD HIBRIDO,2024,1.0
PIAUI,TERESINA,I/AUDI A4 2.0 SE QUATTRO,2024,1.0
PIAUI,TERESINA,I/AUDI A5 2.0 SB QUATTRO,2024,1.0
PIAUI,TERESINA,I/AUDI Q3 2.0 TFSI,2024,2.0
PIAUI,TERESINA,I/AUDI Q3 SPB 2.0 TFSI,2024,3.0
PIAUI,TERESINA,I/AUDI Q5 2.0 TFSI,2024,4.0
PIAUI,TERESINA,I/AUDI Q5 P-HIBRIDO,2024,2.0
RIO DE JANEIRO,ANGRA DOS REIS,AUDI/Q3 2.0 TFSI,2024,1.0
RIO DE JANEIRO,ANGRA DOS REIS,AUDI/Q3 SPB 2.0 TFSI,2024,1.0
RIO DE JANEIRO,ARMACAO DOS BUZIOS,I/AUDI A4 2.0 SE QUATTRO,2024,1.0
RIO DE JANEIRO,BARRA MANSA,I/AUDI Q3 2.0 TFSI,2024,1.0
RIO DE JANEIRO,BOM JARDIM,I/AUDI A5 2.0 SB QUATTRO,2024,1.0
RIO DE JANEIRO,MACAE,I/AUDI A3 SB HIBRIDO,2024,1.0
RIO DE JANEIRO,MARICA,I/AUDI Q5 P-HIBRIDO,2024,1.0
RIO DE JANEIRO,NITEROI,AUDI/Q3 2.0 TFSI,2024,1.0
RIO DE JANEIRO,NITEROI,AUDI/Q3 SPB 2.0 TFSI,2024,1.0
RIO DE JANEIRO,NITEROI,I/AUDI A3 SB HIBRIDO,2024,1.0
RIO DE JANEIRO,NITEROI,I/AUDI A3 SD HIBRIDO,2024,1.0
RIO DE JANEIRO,NITEROI,I/AUDI A5 2.0 SB QUATTRO,2024,1.0
RIO DE JANEIRO,NITEROI,I/AUDI Q3 2.0 TFSI,2024,2.0
RIO DE JANEIRO,NITEROI,I/AUDI Q3 SPB 2.0 TFSI,2024,1.0
RIO DE JANEIRO,NITEROI,I/AUDI Q5 SB P-HIBRIDO,2024,1.0
RIO DE JANEIRO,NITEROI,I/AUDI Q6 ETRON QUATTRO,2024,1.0
RIO DE JANEIRO,NOVA FRIBURGO,I/AUDI A3 SEDAN 2.0,2024,1.0
RIO DE JANEIRO,PETROPOLIS,I/AUDI Q5 2.0 TFSI,2024,1.0
RIO DE JANEIRO,RIO DAS OSTRAS,AUDI/Q3 SPB 2.0 TFSI,2024,1.0
RIO DE JANEIRO,RIO DAS OSTRAS,I/AUDI A5 2.0 SB QUATTRO,2024,2.0
RIO DE JANEIRO,RIO DE JANEIRO,AUDI/Q3 2.0 TFSI,2024,12.0
RIO DE JANEIRO,RIO DE JANEIRO,AUDI/Q3 SPB 2.0 TFSI,2024,10.0
RIO DE JANEIRO,RIO DE JANEIRO,I/AUDI A3 SB HIBRIDO,2024,18.0
RIO DE JANEIRO,RIO DE JANEIRO,I/AUDI A3 SD HIBRIDO,2024,7.0
RIO DE JANEIRO,RIO DE JANEIRO,I/AUDI A3 SEDAN 2.0,2024,5.0
RIO DE JANEIRO,RIO DE JANEIRO,I/AUDI A4 2.0 SE QUATTRO,2024,2.0
RIO DE JANEIRO,RIO DE JANEIRO,I/AUDI A5 2.0 SB QUATTRO,2024,11.0
RIO DE JANEIRO,RIO DE JANEIRO,I/AUDI Q3 2.0 TFSI,2024,26.0
RIO DE JANEIRO,RIO DE JANEIRO,I/AUDI Q3 SPB 2.0 TFSI,2024,10.0
RIO DE JANEIRO,RIO DE JANEIRO,I/AUDI Q5 2.0 TFSI,2024,18.0
RIO DE JANEIRO,RIO DE JANEIRO,I/AUDI Q5 P-HIBRIDO,2024,6.0
RIO DE JANEIRO,RIO DE JANEIRO,I/AUDI Q5 SB P-HIBRIDO,2024,4.0
RIO DE JANEIRO,RIO DE JANEIRO,I/AUDI Q6 ETRON QUATTRO,2024,1.0
RIO DE JANEIRO,RIO DE JANEIRO,I/AUDI Q7 HIBRIDO,2024,5.0
RIO DE JANEIRO,RIO DE JANEIRO,I/AUDI Q8 SB HIBRIDO,2024,1.0
RIO DE JANEIRO,RIO DE JANEIRO,I/AUDI RS6 AV PERF HIB,2024,1.0
RIO DE JANEIRO,SAQUAREMA,I/AUDI A3 SEDAN 2.0,2024,1.0
RIO DE JANEIRO,TERESOPOLIS,I/AUDI A3 SB HIBRIDO,2024,1.0
RIO DE JANEIRO,TERESOPOLIS,I/AUDI Q3 SPB 2.0 TFSI,2024,1.0
RIO DE JANEIRO,TERESOPOLIS,I/AUDI Q5 P-HIBRIDO,2024,1.0
RIO GRANDE DO NORTE,NATAL,AUDI/Q3 2.0 TFSI,2024,3.0
RIO GRANDE DO NORTE,NATAL,I/AUDI A3 SD HIBRIDO,2024,1.0
RIO GRANDE DO NORTE,NATAL,I/AUDI A3 SEDAN 2.0,2024,1.0
RIO GRANDE DO NORTE,NATAL,I/AUDI Q3 2.0 TFSI,2024,2.0
RIO GRANDE DO NORTE,NATAL,I/AUDI Q5 2.0 TFSI,2024,1.0
RIO GRANDE DO NORTE,NATAL,I/AUDI Q7 HIBRIDO,2024,1.0
RIO GRANDE DO NORTE,NATAL,I/AUDI Q8 SB HIBRIDO,2024,1.0
RIO GRANDE DO NORTE,PARNAMIRIM,I/AUDI Q5 P-HIBRIDO,2024,1.0
RIO GRANDE DO SUL,ALTO FELIZ,AUDI/Q3 2.0 TFSI,2024,1.0
RIO GRANDE DO SUL,ALVORADA,AUDI/Q3 SPB 2.0 TFSI,2024,2.0
RIO GRANDE DO SUL,ALVORADA,I/AUDI Q8 SB HIBRIDO,2024,1.0
RIO GRANDE DO SUL,BAGE,AUDI/Q3 SPB 2.0 TFSI,2024,1.0
RIO GRANDE DO SUL,BENTO GONCALVES,I/AUDI Q5 2.0 TFSI,2024,5.0
RIO GRANDE DO SUL,BENTO GONCALVES,I/AUDI Q5 P-HIBRIDO,2024,1.0
RIO GRANDE DO SUL,BENTO GONCALVES,I/AUDI Q5 SB P-HIBRIDO,2024,1.0
RIO GRANDE DO SUL,BENTO GONCALVES,I/AUDI Q6 ETRON QUATTRO,2024,1.0
RIO GRANDE DO SUL,BOM PRINCIPIO,AUDI/Q3 2.0 TFSI,2024,1.0
RIO GRANDE DO SUL,CACHOEIRINHA,I/AUDI A4 2.0 SE QUATTRO,2024,1.0
RIO GRANDE DO SUL,CAMAQUA,I/AUDI Q5 2.0 TFSI,2024,1.0
RIO GRANDE DO SUL,CAMPO BOM,I/AUDI Q3 2.0 TFSI,2024,1.0
RIO GRANDE DO SUL,CANOAS,I/AUDI A3 SB HIBRIDO,2024,1.0
RIO GRANDE DO SUL,CANOAS,I/AUDI Q3 2.0 TFSI,2024,2.0
RIO GRANDE DO SUL,CAPAO DA CANOA,AUDI/Q3 SPB 2.0 TFSI,2024,1.0
RIO GRANDE DO SUL,CAPAO DA CANOA,I/AUDI A3 SEDAN 2.0,2024,1.0
RIO GRANDE DO SUL,CARAZINHO,I/AUDI Q5 2.0 TFSI,2024,1.0
RIO GRANDE DO SUL,CARLOS BARBOSA,I/AUDI A5 2.0 SB QUATTRO,2024,1.0
RIO GRANDE DO SUL,CARLOS BARBOSA,I/AUDI Q5 2.0 TFSI,2024,2.0
RIO GRANDE DO SUL,CARLOS BARBOSA,I/AUDI Q5 P-HIBRIDO,2024,1.0
RIO GRANDE DO SUL,CASCA,I/AUDI Q5 SB P-HIBRIDO,2024,1.0
RIO GRANDE DO SUL,CAXIAS DO SUL,AUDI/Q3 2.0 TFSI,2024,6.0
RIO GRANDE DO SUL,CAXIAS DO SUL,AUDI/Q3 SPB 2.0 TFSI,2024,3.0
RIO GRANDE DO SUL,CAXIAS DO SUL,I/AUDI A3 SD HIBRIDO,2024,1.0
RIO GRANDE DO SUL,CAXIAS DO SUL,I/AUDI A3 SEDAN 2.0,2024,2.0
RIO GRANDE DO SUL,CAXIAS DO SUL,I/AUDI A5 2.0 SB QUATTRO,2024,3.0
RIO GRANDE DO SUL,CAXIAS DO SUL,I/AUDI Q3 2.0 TFSI,2024,6.0
RIO GRANDE DO SUL,CAXIAS DO SUL,I/AUDI Q3 SPB 2.0 TFSI,2024,2.0
RIO GRANDE DO SUL,CAXIAS DO SUL,I/AUDI Q5 2.0 TFSI,2024,7.0
RIO GRANDE DO SUL,CAXIAS DO SUL,I/AUDI Q5 P-HIBRIDO,2024,2.0
RIO GRANDE DO SUL,CAXIAS DO SUL,I/AUDI Q5 SB P-HIBRIDO,2024,2.0
RIO GRANDE DO SUL,CAXIAS DO SUL,I/AUDI RS6 AV PERF HIB,2024,1.0
RIO GRANDE DO SUL,DOIS IRMAOS,I/AUDI Q5 2.0 TFSI,2024,2.0
RIO GRANDE DO SUL,ESTRELA,AUDI/Q3 2.0 TFSI,2024,1.0
RIO GRANDE DO SUL,FARROUPILHA,AUDI/Q3 2.0 TFSI,2024,1.0
RIO GRANDE DO SUL,FARROUPILHA,AUDI/Q3 SPB 2.0 TFSI,2024,1.0
RIO GRANDE DO SUL,FARROUPILHA,I/AUDI Q5 2.0 TFSI,2024,1.0
RIO GRANDE DO SUL,FLORES DA CUNHA,I/AUDI A3 SB HIBRIDO,2024,1.0
RIO GRANDE DO SUL,GARIBALDI,I/AUDI Q3 2.0 TFSI,2024,1.0
RIO GRANDE DO SUL,GARIBALDI,I/AUDI Q5 2.0 TFSI,2024,1.0
RIO GRANDE DO SUL,GARIBALDI,I/AUDI Q5 P-HIBRIDO,2024,1.0
RIO GRANDE DO SUL,GRAMADO,AUDI/Q3 SPB 2.0 TFSI,2024,1.0
RIO GRANDE DO SUL,GRAVATAI,I/AUDI A5 2.0 SB QUATTRO,2024,1.0
RIO GRANDE DO SUL,GRAVATAI,I/AUDI Q3 SPB 2.0 TFSI,2024,1.0
RIO GRANDE DO SUL,GRAVATAI,I/AUDI Q5 2.0 TFSI,2024,1.0
RIO GRANDE DO SUL,GUAIBA,AUDI/Q3 2.0 TFSI,2024,1.0
RIO GRANDE DO SUL,GUAPORE,AUDI/Q3 2.0 TFSI,2024,1.0
RIO GRANDE DO SUL,GUAPORE,I/AUDI Q3 SPB 2.0 TFSI,2024,1.0
RIO GRANDE DO SUL,IGREJINHA,I/AUDI A3 SD HIBRIDO,2024,1.0
RIO GRANDE DO SUL,IJUI,I/AUDI A5 2.0 SB QUATTRO,2024,1.0
RIO GRANDE DO SUL,IJUI,I/AUDI Q3 2.0 TFSI,2024,1.0
RIO GRANDE DO SUL,IJUI,I/AUDI Q5 2.0 TFSI,2024,1.0
RIO GRANDE DO SUL,IVOTI,I/AUDI Q5 P-HIBRIDO,2024,1.0
RIO GRANDE DO SUL,LAGOA VERMELHA,AUDI/Q3 2.0 TFSI,2024,1.0
RIO GRANDE DO SUL,LAGOA VERMELHA,I/AUDI Q3 2.0 TFSI,2024,1.0
RIO GRANDE DO SUL,LAJEADO,I/AUDI Q3 2.0 TFSI,2024,1.0
RIO GRANDE DO SUL,LAJEADO,I/AUDI Q5 2.0 TFSI,2024,1.0
RIO GRANDE DO SUL,MONTENEGRO,AUDI/Q3 SPB 2.0 TFSI,2024,1.0
RIO GRANDE DO SUL,MONTENEGRO,I/AUDI A5 2.0 SB QUATTRO,2024,1.0
RIO GRANDE DO SUL,NOVA PETROPOLIS,I/AUDI Q5 P-HIBRIDO,2024,1.0
RIO GRANDE DO SUL,NOVA PRATA,I/AUDI A3 SD HIBRIDO,2024,1.0
RIO GRANDE DO SUL,NOVO HAMBURGO,AUDI/Q3 2.0 TFSI,2024,1.0
RIO GRANDE DO SUL,NOVO HAMBURGO,AUDI/Q3 SPB 2.0 TFSI,2024,2.0
RIO GRANDE DO SUL,NOVO HAMBURGO,I/AUDI A5 2.0 SB QUATTRO,2024,1.0
RIO GRANDE DO SUL,NOVO HAMBURGO,I/AUDI Q3 2.0 TFSI,2024,1.0
RIO GRANDE DO SUL,NOVO HAMBURGO,I/AUDI Q3 SPB 2.0 TFSI,2024,1.0
RIO GRANDE DO SUL,NOVO HAMBURGO,I/AUDI Q5 2.0 TFSI,2024,2.0
RIO GRANDE DO SUL,NOVO HAMBURGO,I/AUDI Q5 P-HIBRIDO,2024,1.0
RIO GRANDE DO SUL,PALMEIRA DAS MISSOES,I/AUDI A5 2.0 SB QUATTRO,2024,1.0
RIO GRANDE DO SUL,PALMEIRA DAS MISSOES,I/AUDI Q5 2.0 TFSI,2024,1.0
RIO GRANDE DO SUL,PASSO FUNDO,I/AUDI Q3 SPB 2.0 TFSI,2024,1.0
RIO GRANDE DO SUL,PASSO FUNDO,I/AUDI Q5 SB P-HIBRIDO,2024,1.0
RIO GRANDE DO SUL,PASSO FUNDO,I/AUDI Q8 SB HIBRIDO,2024,1.0
RIO GRANDE DO SUL,PELOTAS,I/AUDI Q3 2.0 TFSI,2024,2.0
RIO GRANDE DO SUL,PELOTAS,I/AUDI Q5 2.0 TFSI,2024,1.0
RIO GRANDE DO SUL,PELOTAS,I/AUDI Q5 SB P-HIBRIDO,2024,2.0
RIO GRANDE DO SUL,PORTAO,I/AUDI A5 2.0 SB QUATTRO,2024,1.0
RIO GRANDE DO SUL,PORTO ALEGRE,AUDI/Q3 2.0 TFSI,2024,14.0
RIO GRANDE DO SUL,PORTO ALEGRE,AUDI/Q3 SPB 2.0 TFSI,2024,6.0
RIO GRANDE DO SUL,PORTO ALEGRE,I/AUDI A3 SB HIBRIDO,2024,3.0
RIO GRANDE DO SUL,PORTO ALEGRE,I/AUDI A3 SD HIBRIDO,2024,2.0
RIO GRANDE DO SUL,PORTO ALEGRE,I/AUDI A3 SEDAN 2.0,2024,4.0
RIO GRANDE DO SUL,PORTO ALEGRE,I/AUDI A4 2.0 SE QUATTRO,2024,3.0
RIO GRANDE DO SUL,PORTO ALEGRE,I/AUDI A5 2.0 SB QUATTRO,2024,2.0
RIO GRANDE DO SUL,PORTO ALEGRE,I/AUDI Q3 2.0 TFSI,2024,12.0
RIO GRANDE DO SUL,PORTO ALEGRE,I/AUDI Q3 SPB 2.0 TFSI,2024,8.0
RIO GRANDE DO SUL,PORTO ALEGRE,I/AUDI Q5 2.0 TFSI,2024,8.0
RIO GRANDE DO SUL,PORTO ALEGRE,I/AUDI Q5 P-HIBRIDO,2024,9.0
RIO GRANDE DO SUL,PORTO ALEGRE,I/AUDI Q5 SB P-HIBRIDO,2024,3.0
RIO GRANDE DO SUL,PORTO ALEGRE,I/AUDI Q6 ETRON QUATTRO,2024,1.0
RIO GRANDE DO SUL,PORTO ALEGRE,I/AUDI Q7 HIBRIDO,2024,3.0
RIO GRANDE DO SUL,PORTO ALEGRE,I/AUDI Q8 SB HIBRIDO,2024,1.0
RIO GRANDE DO SUL,PORTO ALEGRE,I/AUDI RS6 AV PERF HIB,2024,1.0
RIO GRANDE DO SUL,RIO GRANDE,AUDI/Q3 2.0 TFSI,2024,1.0
RIO GRANDE DO SUL,RIO GRANDE,I/AUDI Q5 2.0 TFSI,2024,2.0
RIO GRANDE DO SUL,SANTA CRUZ DO SUL,I/AUDI Q5 P-HIBRIDO,2024,1.0
RIO GRANDE DO SUL,SANTA CRUZ DO SUL,I/AUDI Q5 SB P-HIBRIDO,2024,1.0
RIO GRANDE DO SUL,SANTA MARIA,AUDI/Q3 2.0 TFSI,2024,1.0
RIO GRANDE DO SUL,SANTA MARIA,I/AUDI Q3 SPB 2.0 TFSI,2024,1.0
RIO GRANDE DO SUL,SANTO ANGELO,AUDI/Q3 2.0 TFSI,2024,1.0
RIO GRANDE DO SUL,SANTO ANGELO,I/AUDI Q5 P-HIBRIDO,2024,1.0
RIO GRANDE DO SUL,SAO BORJA,I/AUDI Q8 SB HIBRIDO,2024,2.0
RIO GRANDE DO SUL,SAO LEOPOLDO,AUDI/Q3 2.0 TFSI,2024,1.0
RIO GRANDE DO SUL,SAO LEOPOLDO,I/AUDI A3 SB HIBRIDO,2024,1.0
RIO GRANDE DO SUL,SAO LEOPOLDO,I/AUDI Q5 2.0 TFSI,2024,3.0
RIO GRANDE DO SUL,SAO SEBASTIAO DO CAI,I/AUDI A5 2.0 SB QUATTRO,2024,1.0
RIO GRANDE DO SUL,SERTAO SANTANA,AUDI/Q3 SPB 2.0 TFSI,2024,1.0
RIO GRANDE DO SUL,SERTAO SANTANA,I/AUDI Q5 2.0 TFSI,2024,1.0
RIO GRANDE DO SUL,SOBRADINHO,I/AUDI Q5 SB P-HIBRIDO,2024,1.0
RIO GRANDE DO SUL,TAQUARA,I/AUDI Q3 SPB 2.0 TFSI,2024,1.0
RIO GRANDE DO SUL,TENENTE PORTELA,I/AUDI A5 2.0 SB QUATTRO,2024,2.0
RIO GRANDE DO SUL,VACARIA,AUDI/Q3 2.0 TFSI,2024,2.0
RIO GRANDE DO SUL,VENANCIO AIRES,I/AUDI Q5 SB P-HIBRIDO,2024,1.0
RIO GRANDE DO SUL,VERANOPOLIS,I/AUDI Q5 2.0 TFSI,2024,2.0
RIO GRANDE DO SUL,XANGRI-LA,AUDI/Q3 2.0 TFSI,2024,1.0
RIO GRANDE DO SUL,XANGRI-LA,I/AUDI Q5 2.0 TFSI,2024,1.0
SANTA CATARINA,APIUNA,AUDI/Q3 2.0 TFSI,2024,1.0
SANTA CATARINA,ARAQUARI,I/AUDI Q5 P-HIBRIDO,2024,1.0
SANTA CATARINA,ARARANGUA,I/AUDI Q5 SB P-HIBRIDO,2024,1.0
SANTA CATARINA,BALNEARIO CAMBORIU,AUDI/Q3 2.0 TFSI,2024,14.0
SANTA CATARINA,BALNEARIO CAMBORIU,AUDI/Q3 SPB 2.0 TFSI,2024,6.0
SANTA CATARINA,BALNEARIO CAMBORIU,I/AUDI A3 SB HIBRIDO,2024,4.0
SANTA CATARINA,BALNEARIO CAMBORIU,I/AUDI A3 SD HIBRIDO,2024,1.0
SANTA CATARINA,BALNEARIO CAMBORIU,I/AUDI A3 SEDAN 2.0,2024,5.0
SANTA CATARINA,BALNEARIO CAMBORIU,I/AUDI A4 2.0 SE QUATTRO,2024,1.0
SANTA CATARINA,BALNEARIO CAMBORIU,I/AUDI A5 2.0 SB QUATTRO,2024,9.0
SANTA CATARINA,BALNEARIO CAMBORIU,I/AUDI Q3 2.0 TFSI,2024,14.0
SANTA CATARINA,BALNEARIO CAMBORIU,I/AUDI Q3 SPB 2.0 TFSI,2024,4.0
SANTA CATARINA,BALNEARIO CAMBORIU,I/AUDI Q5 2.0 TFSI,2024,12.0
SANTA CATARINA,BALNEARIO CAMBORIU,I/AUDI Q5 P-HIBRIDO,2024,10.0
SANTA CATARINA,BALNEARIO CAMBORIU,I/AUDI Q5 SB P-HIBRIDO,2024,4.0
SANTA CATARINA,BALNEARIO CAMBORIU,I/AUDI Q6 ETRON QUATTRO,2024,1.0
SANTA CATARINA,BALNEARIO CAMBORIU,I/AUDI Q7 HIBRIDO,2024,2.0
SANTA CATARINA,BALNEARIO CAMBORIU,I/AUDI Q8 SB HIBRIDO,2024,5.0
SANTA CATARINA,BALNEARIO CAMBORIU,I/AUDI RS6 AV PERF HIB,2024,1.0
SANTA CATARINA,BALNEARIO DE PICARRAS,I/AUDI Q3 2.0 TFSI,2024,1.0
SANTA CATARINA,BARRA VELHA,I/AUDI Q5 P-HIBRIDO,2024,2.0
SANTA CATARINA,BENEDITO NOVO,I/AUDI Q5 2.0 TFSI,2024,1.0
SANTA CATARINA,BIGUACU,AUDI/Q3 2.0 TFSI,2024,1.0
SANTA CATARINA,BIGUACU,I/AUDI A3 SD HIBRIDO,2024,1.0
SANTA CATARINA,BLUMENAU,AUDI/Q3 2.0 TFSI,2024,12.0
SANTA CATARINA,BLUMENAU,AUDI/Q3 SPB 2.0 TFSI,2024,6.0
SANTA CATARINA,BLUMENAU,I/AUDI A3 SB HIBRIDO,2024,1.0
SANTA CATARINA,BLUMENAU,I/AUDI A3 SD HIBRIDO,2024,4.0
SANTA CATARINA,BLUMENAU,I/AUDI A3 SEDAN 2.0,2024,2.0
SANTA CATARINA,BLUMENAU,I/AUDI A4 2.0 SE QUATTRO,2024,2.0
SANTA CATARINA,BLUMENAU,I/AUDI A5 2.0 SB QUATTRO,2024,3.0
SANTA CATARINA,BLUMENAU,I/AUDI Q3 2.0 TFSI,2024,20.0
SANTA CATARINA,BLUMENAU,I/AUDI Q3 SPB 2.0 TFSI,2024,12.0
SANTA CATARINA,BLUMENAU,I/AUDI Q5 2.0 TFSI,2024,28.0
SANTA CATARINA,BLUMENAU,I/AUDI Q5 P-HIBRIDO,2024,11.0
SANTA CATARINA,BLUMENAU,I/AUDI Q5 SB P-HIBRIDO,2024,17.0
SANTA CATARINA,BLUMENAU,I/AUDI Q6 ETRON QUATTRO,2024,4.0
SANTA CATARINA,BLUMENAU,I/AUDI Q7 HIBRIDO,2024,2.0
SANTA CATARINA,BLUMENAU,I/AUDI Q8 SB HIBRIDO,2024,3.0
SANTA CATARINA,BLUMENAU,I/AUDI RS6 AV PERF HIB,2024,2.0
SANTA CATARINA,BOMBINHAS,AUDI/Q3 2.0 TFSI,2024,1.0
SANTA CATARINA,BOMBINHAS,I/AUDI A4 2.0 SE QUATTRO,2024,1.0
SANTA CATARINA,BOMBINHAS,I/AUDI A5 2.0 SB QUATTRO,2024,1.0
SANTA CATARINA,BOMBINHAS,I/AUDI Q3 SPB 2.0 TFSI,2024,1.0
SANTA CATARINA,BOMBINHAS,I/AUDI Q5 2.0 TFSI,2024,1.0
SANTA CATARINA,BRUSQUE,I/AUDI Q5 2.0 TFSI,2024,1.0
SANTA CATARINA,BRUSQUE,I/AUDI Q5 P-HIBRIDO,2024,1.0
SANTA CATARINA,CACADOR,AUDI/Q3 2.0 TFSI,2024,1.0
SANTA CATARINA,CACADOR,I/AUDI Q5 2.0 TFSI,2024,1.0
SANTA CATARINA,CACADOR,I/AUDI Q5 P-HIBRIDO,2024,1.0
SANTA CATARINA,CACADOR,I/AUDI Q5 SB P-HIBRIDO,2024,1.0
SANTA CATARINA,CAMPOS NOVOS,I/AUDI Q5 2.0 TFSI,2024,1.0
SANTA CATARINA,CANOINHAS,I/AUDI A3 SEDAN 2.0,2024,1.0
SANTA CATARINA,CHAPECO,I/AUDI A3 SB HIBRIDO,2024,2.0
SANTA CATARINA,COCAL DO SUL,I/AUDI Q5 SB P-HIBRIDO,2024,1.0
SANTA CATARINA,CONCORDIA,I/AUDI Q5 2.0 TFSI,2024,1.0
SANTA CATARINA,CONCORDIA,I/AUDI Q8 SB HIBRIDO,2024,1.0
SANTA CATARINA,CORDILHEIRA ALTA,I/AUDI Q5 2.0 TFSI,2024,1.0
SANTA CATARINA,CORDILHEIRA ALTA,I/AUDI Q5 SB P-HIBRIDO,2024,1.0
SANTA CATARINA,CRICIUMA,I/AUDI A5 2.0 SB QUATTRO,2024,1.0
SANTA CATARINA,CRICIUMA,I/AUDI Q3 2.0 TFSI,2024,1.0
SANTA CATARINA,CRICIUMA,I/AUDI Q3 SPB 2.0 TFSI,2024,1.0
SANTA CATARINA,CRICIUMA,I/AUDI Q5 2.0 TFSI,2024,1.0
SANTA CATARINA,CRICIUMA,I/AUDI Q5 SB P-HIBRIDO,2024,2.0
SANTA CATARINA,DIONISIO CERQUEIRA,I/AUDI Q8 SB HIBRIDO,2024,1.0
SANTA CATARINA,FLORIANOPOLIS,AUDI/Q3 2.0 TFSI,2024,9.0
SANTA CATARINA,FLORIANOPOLIS,AUDI/Q3 SPB 2.0 TFSI,2024,3.0
SANTA CATARINA,FLORIANOPOLIS,I/AUDI A3 SB HIBRIDO,2024,4.0
SANTA CATARINA,FLORIANOPOLIS,I/AUDI A3 SEDAN 2.0,2024,3.0
SANTA CATARINA,FLORIANOPOLIS,I/AUDI A4 2.0 SE QUATTRO,2024,1.0
SANTA CATARINA,FLORIANOPOLIS,I/AUDI A5 2.0 SB QUATTRO,2024,7.0
SANTA CATARINA,FLORIANOPOLIS,I/AUDI Q3 2.0 TFSI,2024,15.0
SANTA CATARINA,FLORIANOPOLIS,I/AUDI Q3 SPB 2.0 TFSI,2024,5.0
SANTA CATARINA,FLORIANOPOLIS,I/AUDI Q5 2.0 TFSI,2024,11.0
SANTA CATARINA,FLORIANOPOLIS,I/AUDI Q5 P-HIBRIDO,2024,9.0
SANTA CATARINA,FLORIANOPOLIS,I/AUDI Q5 SB P-HIBRIDO,2024,8.0
SANTA CATARINA,FLORIANOPOLIS,I/AUDI Q7 HIBRIDO,2024,2.0
SANTA CATARINA,FLORIANOPOLIS,I/AUDI Q8 SB HIBRIDO,2024,6.0
SANTA CATARINA,FLORIANOPOLIS,I/AUDI RS6 AV PERF HIB,2024,2.0
SANTA CATARINA,GAROPABA,I/AUDI Q3 SPB 2.0 TFSI,2024,1.0
SANTA CATARINA,GARUVA,I/AUDI A4 2.0 SE QUATTRO,2024,1.0
SANTA CATARINA,GARUVA,I/AUDI Q3 SPB 2.0 TFSI,2024,1.0
SANTA CATARINA,GASPAR,AUDI/Q3 2.0 TFSI,2024,1.0
SANTA CATARINA,GASPAR,I/AUDI A5 2.0 SB QUATTRO,2024,1.0
SANTA CATARINA,GASPAR,I/AUDI Q5 2.0 TFSI,2024,2.0
SANTA CATARINA,GASPAR,I/AUDI Q5 P-HIBRIDO,2024,1.0
SANTA CATARINA,GOVERNADOR CELSO RAMOS,I/AUDI Q7 HIBRIDO,2024,1.0
SANTA CATARINA,GUABIRUBA,I/AUDI A5 2.0 SB QUATTRO,2024,1.0
SANTA CATARINA,GUABIRUBA,I/AUDI Q5 2.0 TFSI,2024,1.0
SANTA CATARINA,GUARAMIRIM,I/AUDI A5 2.0 SB QUATTRO,2024,1.0
SANTA CATARINA,GUARAMIRIM,I/AUDI Q5 2.0 TFSI,2024,1.0
SANTA CATARINA,INDAIAL,AUDI/Q3 2.0 TFSI,2024,1.0
SANTA CATARINA,INDAIAL,I/AUDI Q3 SPB 2.0 TFSI,2024,1.0
SANTA CATARINA,INDAIAL,I/AUDI Q5 P-HIBRIDO,2024,1.0
SANTA CATARINA,INDAIAL,I/AUDI Q8 SB HIBRIDO,2024,1.0
SANTA CATARINA,ITAJAI,AUDI/Q3 2.0 TFSI,2024,4.0
SANTA CATARINA,ITAJAI,AUDI/Q3 SPB 2.0 TFSI,2024,1.0
SANTA CATARINA,ITAJAI,I/AUDI A3 SB HIBRIDO,2024,2.0
SANTA CATARINA,ITAJAI,I/AUDI A3 SEDAN 2.0,2024,1.0
SANTA CATARINA,ITAJAI,I/AUDI A4 2.0 SE QUATTRO,2024,1.0
SANTA CATARINA,ITAJAI,I/AUDI A5 2.0 SB QUATTRO,2024,3.0
SANTA CATARINA,ITAJAI,I/AUDI Q3 2.0 TFSI,2024,4.0
SANTA CATARINA,ITAJAI,I/AUDI Q3 SPB 2.0 TFSI,2024,1.0
SANTA CATARINA,ITAJAI,I/AUDI Q5 2.0 TFSI,2024,6.0
SANTA CATARINA,ITAJAI,I/AUDI Q5 P-HIBRIDO,2024,3.0
SANTA CATARINA,ITAJAI,I/AUDI Q5 SB P-HIBRIDO,2024,1.0
SANTA CATARINA,ITAJAI,I/AUDI Q8 SB HIBRIDO,2024,3.0
SANTA CATARINA,ITAJAI,I/AUDI RS6 AV PERF HIB,2024,1.0
SANTA CATARINA,ITAPEMA,AUDI/Q3 2.0 TFSI,2024,1.0
SANTA CATARINA,ITAPEMA,AUDI/Q3 SPB 2.0 TFSI,2024,2.0
SANTA CATARINA,ITAPEMA,I/AUDI A3 SD HIBRIDO,2024,1.0
SANTA CATARINA,ITAPEMA,I/AUDI A3 SEDAN 2.0,2024,1.0
SANTA CATARINA,ITAPEMA,I/AUDI A5 2.0 SB QUATTRO,2024,2.0
SANTA CATARINA,ITAPEMA,I/AUDI Q3 2.0 TFSI,2024,1.0
SANTA CATARINA,ITAPEMA,I/AUDI Q5 2.0 TFSI,2024,3.0
SANTA CATARINA,ITAPEMA,I/AUDI Q5 P-HIBRIDO,2024,1.0
SANTA CATARINA,ITAPEMA,I/AUDI Q5 SB P-HIBRIDO,2024,3.0
SANTA CATARINA,ITAPIRANGA,I/AUDI Q5 SB P-HIBRIDO,2024,1.0
SANTA CATARINA,ITAPOA,I/AUDI Q5 2.0 TFSI,2024,1.0
SANTA CATARINA,ITAPOA,I/AUDI Q5 P-HIBRIDO,2024,1.0
SANTA CATARINA,JARAGUA DO SUL,AUDI/Q3 2.0 TFSI,2024,1.0
SANTA CATARINA,JARAGUA DO SUL,I/AUDI Q5 2.0 TFSI,2024,2.0
SANTA CATARINA,JARAGUA DO SUL,I/AUDI Q5 SB P-HIBRIDO,2024,1.0
SANTA CATARINA,JOACABA,AUDI/Q3 2.0 TFSI,2024,1.0
SANTA CATARINA,JOACABA,I/AUDI Q5 2.0 TFSI,2024,1.0
SANTA CATARINA,JOINVILLE,AUDI/Q3 2.0 TFSI,2024,10.0
SANTA CATARINA,JOINVILLE,AUDI/Q3 SPB 2.0 TFSI,2024,3.0
SANTA CATARINA,JOINVILLE,I/AUDI A3 SB HIBRIDO,2024,2.0
SANTA CATARINA,JOINVILLE,I/AUDI A3 SEDAN 2.0,2024,2.0
SANTA CATARINA,JOINVILLE,I/AUDI A4 2.0 SE QUATTRO,2024,1.0
SANTA CATARINA,JOINVILLE,I/AUDI A5 2.0 SB QUATTRO,2024,7.0
SANTA CATARINA,JOINVILLE,I/AUDI Q3 2.0 TFSI,2024,11.0
SANTA CATARINA,JOINVILLE,I/AUDI Q3 SPB 2.0 TFSI,2024,6.0
SANTA CATARINA,JOINVILLE,I/AUDI Q5 2.0 TFSI,2024,6.0
SANTA CATARINA,JOINVILLE,I/AUDI Q5 P-HIBRIDO,2024,3.0
SANTA CATARINA,JOINVILLE,I/AUDI Q5 SB P-HIBRIDO,2024,2.0
SANTA CATARINA,JOINVILLE,I/AUDI Q6 ETRON QUATTRO,2024,1.0
SANTA CATARINA,JOINVILLE,I/AUDI Q7 HIBRIDO,2024,4.0
SANTA CATARINA,JOINVILLE,I/AUDI Q8 SB HIBRIDO,2024,2.0
SANTA CATARINA,JOINVILLE,I/AUDI RS6 AV PERF HIB,2024,1.0
SANTA CATARINA,LAGES,AUDI/Q3 2.0 TFSI,2024,1.0
SANTA CATARINA,LAGES,I/AUDI A5 2.0 SB QUATTRO,2024,1.0
SANTA CATARINA,LAGES,I/AUDI Q3 2.0 TFSI,2024,3.0
SANTA CATARINA,LAGES,I/AUDI Q5 2.0 TFSI,2024,2.0
SANTA CATARINA,LAGES,I/AUDI Q5 P-HIBRIDO,2024,1.0
SANTA CATARINA,LAGES,I/AUDI Q5 SB P-HIBRIDO,2024,1.0
SANTA CATARINA,MAFRA,I/AUDI Q5 SB P-HIBRIDO,2024,1.0
SANTA CATARINA,NAVEGANTES,AUDI/Q3 SPB 2.0 TFSI,2024,1.0
SANTA CATARINA,NAVEGANTES,I/AUDI Q5 2.0 TFSI,2024,1.0
SANTA CATARINA,NAVEGANTES,I/AUDI Q5 SB P-HIBRIDO,2024,1.0
SANTA CATARINA,NAVEGANTES,I/AUDI RS6 AV PERF HIB,2024,1.0
SANTA CATARINA,ORLEANS,AUDI/Q3 2.0 TFSI,2024,1.0
SANTA CATARINA,PALHOCA,AUDI/Q3 2.0 TFSI,2024,2.0
SANTA CATARINA,PALHOCA,I/AUDI A3 SB HIBRIDO,2024,1.0
SANTA CATARINA,PALHOCA,I/AUDI A5 2.0 SB QUATTRO,2024,1.0
SANTA CATARINA,PALHOCA,I/AUDI Q5 2.0 TFSI,2024,2.0
SANTA CATARINA,PALMITOS,I/AUDI Q3 SPB 2.0 TFSI,2024,1.0
SANTA CATARINA,PENHA,I/AUDI A3 SEDAN 2.0,2024,1.0
SANTA CATARINA,PENHA,I/AUDI Q3 2.0 TFSI,2024,1.0
SANTA CATARINA,PENHA,I/AUDI Q5 2.0 TFSI,2024,1.0
SANTA CATARINA,POMERODE,AUDI/Q3 2.0 TFSI,2024,2.0
SANTA CATARINA,POMERODE,I/AUDI A4 2.0 SE QUATTRO,2024,1.0
SANTA CATARINA,POMERODE,I/AUDI A5 2.0 SB QUATTRO,2024,1.0
SANTA CATARINA,POMERODE,I/AUDI Q5 2.0 TFSI,2024,2.0
SANTA CATARINA,PORTO BELO,AUDI/Q3 2.0 TFSI,2024,1.0
SANTA CATARINA,PORTO BELO,I/AUDI Q5 2.0 TFSI,2024,1.0
SANTA CATARINA,PORTO UNIAO,AUDI/Q3 SPB 2.0 TFSI,2024,1.0
SANTA CATARINA,PORTO UNIAO,I/AUDI Q5 2.0 TFSI,2024,1.0
SANTA CATARINA,RIO DO SUL,AUDI/Q3 SPB 2.0 TFSI,2024,1.0
SANTA CATARINA,RIO DO SUL,I/AUDI Q3 2.0 TFSI,2024,1.0
SANTA CATARINA,RIO DO SUL,I/AUDI Q3 SPB 2.0 TFSI,2024,1.0
SANTA CATARINA,RIO DO SUL,I/AUDI Q5 2.0 TFSI,2024,2.0
SANTA CATARINA,RODEIO,I/AUDI A5 2.0 SB QUATTRO,2024,1.0
SANTA CATARINA,SAO BENTO DO SUL,AUDI/Q3 2.0 TFSI,2024,1.0
SANTA CATARINA,SAO BENTO DO SUL,AUDI/Q3 SPB 2.0 TFSI,2024,1.0
SANTA CATARINA,SAO BENTO DO SUL,I/AUDI A3 SB HIBRIDO,2024,1.0
SANTA CATARINA,SAO FRANCISCO DO SUL,AUDI/Q3 2.0 TFSI,2024,1.0
SANTA CATARINA,SAO FRANCISCO DO SUL,AUDI/Q3 SPB 2.0 TFSI,2024,1.0
SANTA CATARINA,SAO FRANCISCO DO SUL,I/AUDI Q5 2.0 TFSI,2024,1.0
SANTA CATARINA,SAO JOSE,AUDI/Q3 2.0 TFSI,2024,1.0
SANTA CATARINA,SAO JOSE,AUDI/Q3 SPB 2.0 TFSI,2024,1.0
SANTA CATARINA,SAO JOSE,I/AUDI A3 SD HIBRIDO,2024,1.0
SANTA CATARINA,SAO JOSE,I/AUDI A5 2.0 SB QUATTRO,2024,3.0
SANTA CATARINA,SAO JOSE,I/AUDI Q5 P-HIBRIDO,2024,1.0
SANTA CATARINA,SAO JOSE,I/AUDI Q7 HIBRIDO,2024,1.0
SANTA CATARINA,SAO JOSE DO CEDRO,I/AUDI Q3 2.0 TFSI,2024,1.0
SANTA CATARINA,SAO LUDGERO,I/AUDI Q5 P-HIBRIDO,2024,1.0
SANTA CATARINA,SAO LUDGERO,I/AUDI Q5 SB P-HIBRIDO,2024,1.0
SANTA CATARINA,TIMBO,I/AUDI A3 SB HIBRIDO,2024,1.0
SANTA CATARINA,TIMBO,I/AUDI A3 SEDAN 2.0,2024,1.0
SANTA CATARINA,TIMBO,I/AUDI A5 2.0 SB QUATTRO,2024,1.0
SANTA CATARINA,TIMBO,I/AUDI Q3 SPB 2.0 TFSI,2024,1.0
SANTA CATARINA,TIMBO,I/AUDI Q5 P-HIBRIDO,2024,2.0
SANTA CATARINA,TUBARAO,AUDI/Q3 SPB 2.0 TFSI,2024,1.0
SANTA CATARINA,TUBARAO,I/AUDI Q5 P-HIBRIDO,2024,1.0
SAO PAULO,AGUAI,I/AUDI Q3 2.0 TFSI,2024,1.0
SAO PAULO,AGUAS DE LINDOIA,AUDI/Q3 2.0 TFSI,2024,1.0
SAO PAULO,AGUAS DE SANTA BARBARA,I/AUDI Q3 SPB 2.0 TFSI,2024,1.0
SAO PAULO,AMERICANA,AUDI/Q3 SPB 2.0 TFSI,2024,2.0
SAO PAULO,AMERICANA,I/AUDI A3 SB HIBRIDO,2024,1.0
SAO PAULO,AMERICANA,I/AUDI A3 SEDAN 2.0,2024,1.0
SAO PAULO,AMERICANA,I/AUDI A5 2.0 SB QUATTRO,2024,1.0
SAO PAULO,AMERICANA,I/AUDI Q3 2.0 TFSI,2024,1.0
SAO PAULO,AMERICANA,I/AUDI Q5 P-HIBRIDO,2024,2.0
SAO PAULO,AMERICANA,I/AUDI Q5 SB P-HIBRIDO,2024,1.0
SAO PAULO,AMERICANA,I/AUDI RS6 AV PERF HIB,2024,1.0
SAO PAULO,AMPARO,AUDI/Q3 2.0 TFSI,2024,1.0
SAO PAULO,AMPARO,I/AUDI A4 2.0 SE QUATTRO,2024,1.0
SAO PAULO,ARACATUBA,AUDI/Q3 2.0 TFSI,2024,1.0
SAO PAULO,ARACATUBA,I/AUDI Q5 2.0 TFSI,2024,1.0
SAO PAULO,ARARAQUARA,AUDI/Q3 SPB 2.0 TFSI,2024,2.0
SAO PAULO,ARARAQUARA,I/AUDI A3 SB HIBRIDO,2024,1.0
SAO PAULO,ARARAQUARA,I/AUDI A3 SD HIBRIDO,2024,1.0
SAO PAULO,ARARAQUARA,I/AUDI Q3 2.0 TFSI,2024,1.0
SAO PAULO,ARARAQUARA,I/AUDI Q7 HIBRIDO,2024,1.0
SAO PAULO,ARARAS,AUDI/Q3 2.0 TFSI,2024,2.0
SAO PAULO,ARARAS,I/AUDI A3 SB HIBRIDO,2024,1.0
SAO PAULO,ARARAS,I/AUDI A3 SD HIBRIDO,2024,2.0
SAO PAULO,ARARAS,I/AUDI Q5 2.0 TFSI,2024,1.0
SAO PAULO,ARTUR NOGUEIRA,AUDI/Q3 SPB 2.0 TFSI,2024,1.0
SAO PAULO,ARUJA,I/AUDI A3 SD HIBRIDO,2024,1.0
SAO PAULO,ARUJA,I/AUDI A4 2.0 SE QUATTRO,2024,2.0
SAO PAULO,ARUJA,I/AUDI Q5 2.0 TFSI,2024,2.0
SAO PAULO,ASSIS,I/AUDI A3 SB HIBRIDO,2024,1.0
SAO PAULO,ASSIS,I/AUDI A3 SD HIBRIDO,2024,1.0
SAO PAULO,ATIBAIA,AUDI/Q3 SPB 2.0 TFSI,2024,1.0
SAO PAULO,ATIBAIA,I/AUDI A3 SB HIBRIDO,2024,1.0
SAO PAULO,AURIFLAMA,I/AUDI Q3 2.0 TFSI,2024,1.0
SAO PAULO,AVARE,I/AUDI A5 2.0 SB QUATTRO,2024,1.0
SAO PAULO,AVARE,I/AUDI Q5 P-HIBRIDO,2024,1.0
SAO PAULO,BADY BASSITT,I/AUDI A5 2.0 SB QUATTRO,2024,1.0
SAO PAULO,BADY BASSITT,I/AUDI Q5 SB P-HIBRIDO,2024,1.0
SAO PAULO,BARRA BONITA,AUDI/Q3 SPB 2.0 TFSI,2024,1.0
SAO PAULO,BARRETOS,AUDI/Q3 SPB 2.0 TFSI,2024,1.0
SAO PAULO,BARRETOS,I/AUDI A5 2.0 SB QUATTRO,2024,1.0
SAO PAULO,BARRETOS,I/AUDI Q5 2.0 TFSI,2024,1.0
SAO PAULO,BARUERI,AUDI/Q3 2.0 TFSI,2024,5.0
SAO PAULO,BARUERI,AUDI/Q3 SPB 2.0 TFSI,2024,4.0
SAO PAULO,BARUERI,I/AUDI A3 SB HIBRIDO,2024,4.0
SAO PAULO,BARUERI,I/AUDI A3 SD HIBRIDO,2024,3.0
SAO PAULO,BARUERI,I/AUDI A3 SEDAN 2.0,2024,2.0
SAO PAULO,BARUERI,I/AUDI A4 2.0 SE QUATTRO,2024,1.0
SAO PAULO,BARUERI,I/AUDI A5 2.0 SB QUATTRO,2024,2.0
SAO PAULO,BARUERI,I/AUDI Q3 2.0 TFSI,2024,3.0
SAO PAULO,BARUERI,I/AUDI Q3 SPB 2.0 TFSI,2024,1.0
SAO PAULO,BARUERI,I/AUDI Q5 2.0 TFSI,2024,10.0
SAO PAULO,BARUERI,I/AUDI Q5 P-HIBRIDO,2024,5.0
SAO PAULO,BARUERI,I/AUDI Q5 SB P-HIBRIDO,2024,3.0
SAO PAULO,BARUERI,I/AUDI Q8 SB HIBRIDO,2024,1.0
SAO PAULO,BARUERI,I/AUDI RS6 AV PERF HIB,2024,1.0
SAO PAULO,BATATAIS,I/AUDI Q5 P-HIBRIDO,2024,1.0
SAO PAULO,BAURU,AUDI/Q3 SPB 2.0 TFSI,2024,1.0
SAO PAULO,BAURU,I/AUDI A3 SB HIBRIDO,2024,1.0
SAO PAULO,BAURU,I/AUDI A3 SEDAN 2.0,2024,1.0
SAO PAULO,BAURU,I/AUDI A5 2.0 SB QUATTRO,2024,2.0
SAO PAULO,BAURU,I/AUDI Q3 2.0 TFSI,2024,2.0
SAO PAULO,BAURU,I/AUDI Q3 SPB 2.0 TFSI,2024,3.0
SAO PAULO,BAURU,I/AUDI Q5 2.0 TFSI,2024,3.0
SAO PAULO,BAURU,I/AUDI Q5 SB P-HIBRIDO,2024,1.0
SAO PAULO,BEBEDOURO,AUDI/Q3 2.0 TFSI,2024,1.0
SAO PAULO,BILAC,I/AUDI Q5 SB P-HIBRIDO,2024,1.0
SAO PAULO,BOCAINA,I/AUDI Q5 2.0 TFSI,2024,1.0
SAO PAULO,BOITUVA,I/AUDI A5 2.0 SB QUATTRO,2024,1.0
SAO PAULO,BOITUVA,I/AUDI Q5 2.0 TFSI,2024,1.0
SAO PAULO,BOTUCATU,AUDI/Q3 2.0 TFSI,2024,2.0
SAO PAULO,BOTUCATU,I/AUDI Q5 P-HIBRIDO,2024,1.0
SAO PAULO,BRAGANCA PAULISTA,I/AUDI A3 SB HIBRIDO,2024,1.0
SAO PAULO,BRAGANCA PAULISTA,I/AUDI Q3 2.0 TFSI,2024,1.0
SAO PAULO,BRAGANCA PAULISTA,I/AUDI Q3 SPB 2.0 TFSI,2024,1.0
SAO PAULO,BRAGANCA PAULISTA,I/AUDI Q5 2.0 TFSI,2024,1.0
SAO PAULO,BRAGANCA PAULISTA,I/AUDI Q8 SB HIBRIDO,2024,1.0
SAO PAULO,CACAPAVA,AUDI/Q3 2.0 TFSI,2024,1.0
SAO PAULO,CACAPAVA,AUDI/Q3 SPB 2.0 TFSI,2024,2.0
SAO PAULO,CAIEIRAS,AUDI/Q3 SPB 2.0 TFSI,2024,1.0
SAO PAULO,CAJAMAR,AUDI/Q3 SPB 2.0 TFSI,2024,1.0
SAO PAULO,CAJATI,I/AUDI Q5 2.0 TFSI,2024,1.0
SAO PAULO,CAMPINAS,AUDI/Q3 2.0 TFSI,2024,9.0
SAO PAULO,CAMPINAS,AUDI/Q3 SPB 2.0 TFSI,2024,5.0
SAO PAULO,CAMPINAS,I/AUDI A3 SB HIBRIDO,2024,9.0
SAO PAULO,CAMPINAS,I/AUDI A3 SD HIBRIDO,2024,4.0
SAO PAULO,CAMPINAS,I/AUDI A3 SEDAN 2.0,2024,3.0
SAO PAULO,CAMPINAS,I/AUDI A4 2.0 SE QUATTRO,2024,4.0
SAO PAULO,CAMPINAS,I/AUDI A5 2.0 SB QUATTRO,2024,8.0
SAO PAULO,CAMPINAS,I/AUDI Q3 2.0 TFSI,2024,37.0
SAO PAULO,CAMPINAS,I/AUDI Q3 SPB 2.0 TFSI,2024,6.0
SAO PAULO,CAMPINAS,I/AUDI Q5 2.0 TFSI,2024,10.0
SAO PAULO,CAMPINAS,I/AUDI Q5 P-HIBRIDO,2024,8.0
SAO PAULO,CAMPINAS,I/AUDI Q5 SB P-HIBRIDO,2024,5.0
SAO PAULO,CAMPINAS,I/AUDI Q6 ETRON QUATTRO,2024,1.0
SAO PAULO,CAMPINAS,I/AUDI Q8 SB HIBRIDO,2024,4.0
SAO PAULO,CAMPINAS,I/AUDI RS6 AV PERF HIB,2024,3.0
SAO PAULO,CAMPO LIMPO PAULISTA,I/AUDI A5 2.0 SB QUATTRO,2024,1.0
SAO PAULO,CAPIVARI,I/AUDI Q5 P-HIBRIDO,2024,1.0
SAO PAULO,CARAGUATATUBA,AUDI/Q3 2.0 TFSI,2024,1.0
SAO PAULO,CARAPICUIBA,AUDI/Q3 2.0 TFSI,2024,1.0
SAO PAULO,CARAPICUIBA,I/AUDI Q5 2.0 TFSI,2024,2.0
SAO PAULO,CARAPICUIBA,I/AUDI RS6 AV PERF HIB,2024,1.0
SAO PAULO,CATANDUVA,I/AUDI Q5 2.0 TFSI,2024,1.0
SAO PAULO,CATANDUVA,I/AUDI Q5 SB P-HIBRIDO,2024,1.0
SAO PAULO,CATANDUVA,I/AUDI Q8 SB HIBRIDO,2024,1.0
SAO PAULO,CESARIO LANGE,I/AUDI A3 SD HIBRIDO,2024,1.0
SAO PAULO,COSMOPOLIS,AUDI/Q3 2.0 TFSI,2024,1.0
SAO PAULO,COSMOPOLIS,I/AUDI Q3 2.0 TFSI,2024,1.0
SAO PAULO,COTIA,AUDI/Q3 SPB 2.0 TFSI,2024,1.0
SAO PAULO,COTIA,I/AUDI A3 SB HIBRIDO,2024,1.0
SAO PAULO,COTIA,I/AUDI Q3 2.0 TFSI,2024,3.0
SAO PAULO,COTIA,I/AUDI Q3 SPB 2.0 TFSI,2024,1.0
SAO PAULO,COTIA,I/AUDI Q5 2.0 TFSI,2024,1.0
SAO PAULO,COTIA,I/AUDI Q5 P-HIBRIDO,2024,1.0
SAO PAULO,COTIA,I/AUDI Q5 SB P-HIBRIDO,2024,1.0
SAO PAULO,CRISTAIS PAULISTA,I/AUDI A5 2.0 SB QUATTRO,2024,1.0
SAO PAULO,CRUZEIRO,AUDI/Q3 2.0 TFSI,2024,1.0
SAO PAULO,CRUZEIRO,I/AUDI A4 2.0 SE QUATTRO,2024,1.0
SAO PAULO,CRUZEIRO,I/AUDI Q3 2.0 TFSI,2024,1.0
SAO PAULO,CRUZEIRO,I/AUDI Q5 2.0 TFSI,2024,2.0
SAO PAULO,DIADEMA,AUDI/Q3 SPB 2.0 TFSI,2024,2.0
SAO PAULO,DIADEMA,I/AUDI A3 SD HIBRIDO,2024,1.0
SAO PAULO,DIADEMA,I/AUDI A3 SEDAN 2.0,2024,1.0
SAO PAULO,DIADEMA,I/AUDI A4 2.0 SE QUATTRO,2024,1.0
SAO PAULO,DIADEMA,I/AUDI A5 2.0 SB QUATTRO,2024,1.0
SAO PAULO,DIADEMA,I/AUDI Q3 2.0 TFSI,2024,1.0
SAO PAULO,DIADEMA,I/AUDI Q3 SPB 2.0 TFSI,2024,1.0
SAO PAULO,DIADEMA,I/AUDI Q5 P-HIBRIDO,2024,1.0
SAO PAULO,DIADEMA,I/AUDI Q8 SB HIBRIDO,2024,1.0
SAO PAULO,DOIS CORREGOS,AUDI/Q3 SPB 2.0 TFSI,2024,1.0
SAO PAULO,EMBU DAS ARTES,I/AUDI A3 SEDAN 2.0,2024,2.0
SAO PAULO,EMBU DAS ARTES,I/AUDI A4 2.0 SE QUATTRO,2024,1.0
SAO PAULO,FERRAZ DE VASCONCELOS,I/AUDI Q3 SPB 2.0 TFSI,2024,1.0
SAO PAULO,FLOREAL,I/AUDI A3 SD HIBRIDO,2024,1.0
SAO PAULO,FRANCA,I/AUDI A3 SB HIBRIDO,2024,1.0
SAO PAULO,FRANCA,I/AUDI Q5 2.0 TFSI,2024,1.0
SAO PAULO,GUARAREMA,I/AUDI Q3 2.0 TFSI,2024,1.0
SAO PAULO,GUARATINGUETA,AUDI/Q3 2.0 TFSI,2024,1.0
SAO PAULO,GUARATINGUETA,I/AUDI A5 2.0 SB QUATTRO,2024,1.0
SAO PAULO,GUARATINGUETA,I/AUDI Q3 2.0 TFSI,2024,1.0
SAO PAULO,GUARATINGUETA,I/AUDI Q3 SPB 2.0 TFSI,2024,1.0
SAO PAULO,GUARATINGUETA,I/AUDI RS 5 SB COMP PLUS,2024,1.0
SAO PAULO,GUARUJA,AUDI/Q3 SPB 2.0 TFSI,2024,2.0
SAO PAULO,GUARUJA,I/AUDI A5 2.0 SB QUATTRO,2024,1.0
SAO PAULO,GUARUJA,I/AUDI Q3 SPB 2.0 TFSI,2024,1.0
SAO PAULO,GUARUJA,I/AUDI Q5 2.0 TFSI,2024,1.0
SAO PAULO,GUARUJA,I/AUDI Q5 SB P-HIBRIDO,2024,1.0
SAO PAULO,GUARULHOS,AUDI/Q3 2.0 TFSI,2024,2.0
SAO PAULO,GUARULHOS,AUDI/Q3 SPB 2.0 TFSI,2024,4.0
SAO PAULO,GUARULHOS,I/AUDI A3 SB HIBRIDO,2024,1.0
SAO PAULO,GUARULHOS,I/AUDI A3 SD HIBRIDO,2024,1.0
SAO PAULO,GUARULHOS,I/AUDI A3 SEDAN 2.0,2024,1.0
SAO PAULO,GUARULHOS,I/AUDI A5 2.0 SB QUATTRO,2024,1.0
SAO PAULO,GUARULHOS,I/AUDI Q3 2.0 TFSI,2024,3.0
SAO PAULO,GUARULHOS,I/AUDI Q3 SPB 2.0 TFSI,2024,5.0
SAO PAULO,GUARULHOS,I/AUDI Q5 2.0 TFSI,2024,1.0
SAO PAULO,GUARULHOS,I/AUDI Q5 SB P-HIBRIDO,2024,2.0
SAO PAULO,GUARULHOS,I/AUDI Q6 ETRON QUATTRO,2024,1.0
SAO PAULO,GUARULHOS,I/AUDI Q7 HIBRIDO,2024,1.0
SAO PAULO,GUARULHOS,I/AUDI Q8 SB HIBRIDO,2024,1.0
SAO PAULO,GUARULHOS,I/AUDI RS6 AV PERF HIB,2024,1.0
SAO PAULO,HOLAMBRA,I/AUDI Q3 SPB 2.0 TFSI,2024,1.0
SAO PAULO,IBATE,I/AUDI A3 SB HIBRIDO,2024,1.0
SAO PAULO,IBIRA,AUDI/Q3 2.0 TFSI,2024,1.0
SAO PAULO,IBITINGA,AUDI/Q3 2.0 TFSI,2024,1.0
SAO PAULO,IBITINGA,AUDI/Q3 SPB 2.0 TFSI,2024,1.0
SAO PAULO,IBITINGA,I/AUDI Q3 2.0 TFSI,2024,1.0
SAO PAULO,IGUAPE,I/AUDI A3 SD HIBRIDO,2024,1.0
SAO PAULO,INDAIATUBA,AUDI/Q3 2.0 TFSI,2024,1.0
SAO PAULO,INDAIATUBA,AUDI/Q3 SPB 2.0 TFSI,2024,2.0
SAO PAULO,INDAIATUBA,I/AUDI A3 SB HIBRIDO,2024,1.0
SAO PAULO,INDAIATUBA,I/AUDI A3 SD HIBRIDO,2024,1.0
SAO PAULO,INDAIATUBA,I/AUDI A4 2.0 SE QUATTRO,2024,1.0
SAO PAULO,INDAIATUBA,I/AUDI A5 2.0 SB QUATTRO,2024,1.0
SAO PAULO,INDAIATUBA,I/AUDI Q3 2.0 TFSI,2024,1.0
SAO PAULO,INDAIATUBA,I/AUDI Q5 SB P-HIBRIDO,2024,1.0
SAO PAULO,IPEUNA,AUDI/Q3 2.0 TFSI,2024,1.0
SAO PAULO,IRACEMAPOLIS,I/AUDI Q3 2.0 TFSI,2024,1.0
SAO PAULO,ITABERA,AUDI/Q3 2.0 TFSI,2024,1.0
SAO PAULO,ITAI,I/AUDI Q5 SB P-HIBRIDO,2024,1.0
SAO PAULO,ITAPECERICA DA SERRA,I/AUDI A3 SD HIBRIDO,2024,1.0
SAO PAULO,ITAPECERICA DA SERRA,I/AUDI Q3 SPB 2.0 TFSI,2024,1.0
SAO PAULO,ITAPOLIS,AUDI/Q3 2.0 TFSI,2024,1.0
SAO PAULO,ITATIBA,AUDI/Q3 2.0 TFSI,2024,1.0
SAO PAULO,ITATIBA,I/AUDI A5 2.0 SB QUATTRO,2024,2.0
SAO PAULO,ITATIBA,I/AUDI Q3 2.0 TFSI,2024,1.0
SAO PAULO,ITATIBA,I/AUDI Q5 2.0 TFSI,2024,1.0
SAO PAULO,ITU,AUDI/Q3 2.0 TFSI,2024,2.0
SAO PAULO,ITU,AUDI/Q3 SPB 2.0 TFSI,2024,1.0
SAO PAULO,ITU,I/AUDI A3 SD HIBRIDO,2024,1.0
SAO PAULO,ITU,I/AUDI A5 2.0 SB QUATTRO,2024,1.0
SAO PAULO,ITU,I/AUDI Q3 SPB 2.0 TFSI,2024,3.0
SAO PAULO,ITU,I/AUDI Q5 2.0 TFSI,2024,1.0
SAO PAULO,ITU,I/AUDI Q5 SB P-HIBRIDO,2024,1.0
SAO PAULO,ITUVERAVA,I/AUDI A3 SB HIBRIDO,2024,1.0
SAO PAULO,ITUVERAVA,I/AUDI Q3 2.0 TFSI,2024,1.0
SAO PAULO,JABOTICABAL,AUDI/Q3 2.0 TFSI,2024,1.0
SAO PAULO,JABOTICABAL,I/AUDI A3 SB HIBRIDO,2024,1.0
SAO PAULO,JABOTICABAL,I/AUDI Q7 HIBRIDO,2024,1.0
SAO PAULO,JABOTICABAL,I/AUDI Q8 SB HIBRIDO,2024,1.0
SAO PAULO,JACAREI,AUDI/Q3 SPB 2.0 TFSI,2024,1.0
SAO PAULO,JACAREI,I/AUDI A3 SD HIBRIDO,2024,2.0
SAO PAULO,JACAREI,I/AUDI A4 2.0 SE QUATTRO,2024,1.0
SAO PAULO,JACAREI,I/AUDI Q3 2.0 TFSI,2024,1.0
SAO PAULO,JAGUARIUNA,I/AUDI A3 SD HIBRIDO,2024,1.0
SAO PAULO,JAGUARIUNA,I/AUDI Q3 2.0 TFSI,2024,2.0
SAO PAULO,JALES,I/AUDI A3 SB HIBRIDO,2024,1.0
SAO PAULO,JANDIRA,I/AUDI Q5 SB P-HIBRIDO,2024,1.0
SAO PAULO,JAU,I/AUDI A3 SB HIBRIDO,2024,1.0
SAO PAULO,JAU,I/AUDI Q5 2.0 TFSI,2024,1.0
SAO PAULO,JOSE BONIFACIO,I/AUDI A5 2.0 SB QUATTRO,2024,1.0
SAO PAULO,JUNDIAI,AUDI/Q3 2.0 TFSI,2024,1.0
SAO PAULO,JUNDIAI,I/AUDI A3 SB HIBRIDO,2024,1.0
SAO PAULO,JUNDIAI,I/AUDI A3 SD HIBRIDO,2024,1.0
SAO PAULO,JUNDIAI,I/AUDI A3 SEDAN 2.0,2024,1.0
SAO PAULO,JUNDIAI,I/AUDI A5 2.0 SB QUATTRO,2024,1.0
SAO PAULO,JUNDIAI,I/AUDI Q3 2.0 TFSI,2024,5.0
SAO PAULO,JUNDIAI,I/AUDI Q3 SPB 2.0 TFSI,2024,4.0
SAO PAULO,JUNDIAI,I/AUDI Q5 2.0 TFSI,2024,1.0
SAO PAULO,JUNDIAI,I/AUDI Q5 SB P-HIBRIDO,2024,1.0
SAO PAULO,LARANJAL PAULISTA,I/AUDI Q8 SB HIBRIDO,2024,1.0
SAO PAULO,LEME,I/AUDI A3 SB HIBRIDO,2024,1.0
SAO PAULO,LEME,I/AUDI A5 2.0 SB QUATTRO,2024,1.0
SAO PAULO,LIMEIRA,I/AUDI A3 SD HIBRIDO,2024,1.0
SAO PAULO,LINS,I/AUDI Q5 2.0 TFSI,2024,2.0
SAO PAULO,MACAUBAL,I/AUDI Q5 SB P-HIBRIDO,2024,1.0
SAO PAULO,MARILIA,AUDI/Q3 SPB 2.0 TFSI,2024,1.0
SAO PAULO,MARILIA,I/AUDI A3 SB HIBRIDO,2024,2.0
SAO PAULO,MATAO,AUDI/Q3 2.0 TFSI,2024,1.0
SAO PAULO,MATAO,I/AUDI Q6 ETRON QUATTRO,2024,1.0
SAO PAULO,MAUA,AUDI/Q3 SPB 2.0 TFSI,2024,1.0
SAO PAULO,MAUA,I/AUDI A4 2.0 SE QUATTRO,2024,1.0
SAO PAULO,MIRASSOL,I/AUDI A5 2.0 SB QUATTRO,2024,1.0
SAO PAULO,MIRASSOL,I/AUDI Q5 P-HIBRIDO,2024,1.0
SAO PAULO,MOCOCA,I/AUDI Q5 SB P-HIBRIDO,2024,1.0
SAO PAULO,MOGI DAS CRUZES,AUDI/Q3 2.0 TFSI,2024,3.0
SAO PAULO,MOGI DAS CRUZES,AUDI/Q3 SPB 2.0 TFSI,2024,8.0
SAO PAULO,MOGI DAS CRUZES,I/AUDI A3 SD HIBRIDO,2024,1.0
SAO PAULO,MOGI DAS CRUZES,I/AUDI A4 2.0 SE QUATTRO,2024,1.0
SAO PAULO,MOGI DAS CRUZES,I/AUDI A5 2.0 SB QUATTRO,2024,3.0
SAO PAULO,MOGI DAS CRUZES,I/AUDI Q3 2.0 TFSI,2024,4.0
SAO PAULO,MOGI DAS CRUZES,I/AUDI Q3 SPB 2.0 TFSI,2024,5.0
SAO PAULO,MOGI DAS CRUZES,I/AUDI Q5 2.0 TFSI,2024,4.0
SAO PAULO,MOGI DAS CRUZES,I/AUDI Q5 P-HIBRIDO,2024,2.0
SAO PAULO,MOGI DAS CRUZES,I/AUDI Q5 SB P-HIBRIDO,2024,2.0
SAO PAULO,MOGI-MIRIM,I/AUDI A3 SB HIBRIDO,2024,1.0
SAO PAULO,MOGI-MIRIM,I/AUDI Q3 SPB 2.0 TFSI,2024,1.0
SAO PAULO,MONGAGUA,I/AUDI A5 2.0 SB QUATTRO,2024,1.0
SAO PAULO,MORUNGABA,I/AUDI Q3 2.0 TFSI,2024,1.0
SAO PAULO,NOVA ODESSA,I/AUDI Q8 SB HIBRIDO,2024,1.0
SAO PAULO,OLIMPIA,I/AUDI Q5 SB P-HIBRIDO,2024,1.0
SAO PAULO,ORLANDIA,I/AUDI Q5 2.0 TFSI,2024,1.0
SAO PAULO,OSASCO,AUDI/Q3 SPB 2.0 TFSI,2024,7.0
SAO PAULO,OSASCO,I/AUDI A4 2.0 SE QUATTRO,2024,1.0
SAO PAULO,OSASCO,I/AUDI A5 2.0 SB QUATTRO,2024,1.0
SAO PAULO,OSASCO,I/AUDI Q3 SPB 2.0 TFSI,2024,1.0
SAO PAULO,OSASCO,I/AUDI Q5 2.0 TFSI,2024,3.0
SAO PAULO,OSASCO,I/AUDI Q5 SB P-HIBRIDO,2024,1.0
SAO PAULO,OSASCO,I/AUDI RS6 AV PERF HIB,2024,1.0
SAO PAULO,OURINHOS,I/AUDI Q5 SB P-HIBRIDO,2024,1.0
SAO PAULO,OURINHOS,I/AUDI Q8 SB HIBRIDO,2024,1.0
SAO PAULO,PARDINHO,AUDI/Q3 SPB 2.0 TFSI,2024,1.0
SAO PAULO,PAULINIA,I/AUDI A3 SD HIBRIDO,2024,1.0
SAO PAULO,PAULINIA,I/AUDI Q5 P-HIBRIDO,2024,1.0
SAO PAULO,PEDERNEIRAS,I/AUDI Q3 2.0 TFSI,2024,1.0
SAO PAULO,PINDAMONHANGABA,I/AUDI Q3 SPB 2.0 TFSI,2024,1.0
SAO PAULO,PIRACICABA,AUDI/Q3 2.0 TFSI,2024,1.0
SAO PAULO,PIRACICABA,AUDI/Q3 SPB 2.0 TFSI,2024,2.0
SAO PAULO,PIRACICABA,I/AUDI A3 SB HIBRIDO,2024,3.0
SAO PAULO,PIRACICABA,I/AUDI A4 2.0 SE QUATTRO,2024,1.0
SAO PAULO,PIRACICABA,I/AUDI A5 2.0 SB QUATTRO,2024,4.0
SAO PAULO,PIRACICABA,I/AUDI Q3 2.0 TFSI,2024,3.0
SAO PAULO,PIRACICABA,I/AUDI Q3 SPB 2.0 TFSI,2024,2.0
SAO PAULO,PIRAJU,I/AUDI A5 2.0 SB QUATTRO,2024,1.0
SAO PAULO,PIRASSUNUNGA,AUDI/Q3 SPB 2.0 TFSI,2024,1.0
SAO PAULO,POA,AUDI/Q3 2.0 TFSI,2024,1.0
SAO PAULO,POA,I/AUDI Q5 P-HIBRIDO,2024,1.0
SAO PAULO,PORTO FELIZ,I/AUDI Q3 SPB 2.0 TFSI,2024,1.0
SAO PAULO,PORTO FERREIRA,AUDI/Q3 SPB 2.0 TFSI,2024,1.0
SAO PAULO,PORTO FERREIRA,I/AUDI Q8 SB HIBRIDO,2024,1.0
SAO PAULO,PRAIA GRANDE,AUDI/Q3 2.0 TFSI,2024,1.0
SAO PAULO,PRAIA GRANDE,I/AUDI A3 SEDAN 2.0,2024,1.0
SAO PAULO,PRAIA GRANDE,I/AUDI A5 2.0 SB QUATTRO,2024,1.0
SAO PAULO,PRAIA GRANDE,I/AUDI Q3 2.0 TFSI,2024,1.0
SAO PAULO,PRESIDENTE EPITACIO,I/AUDI Q3 2.0 TFSI,2024,1.0
SAO PAULO,PRESIDENTE PRUDENTE,I/AUDI Q3 2.0 TFSI,2024,2.0
SAO PAULO,PRESIDENTE PRUDENTE,I/AUDI Q5 P-HIBRIDO,2024,1.0
SAO PAULO,REGISTRO,AUDI/Q3 2.0 TFSI,2024,1.0
SAO PAULO,RIBEIRAO PRETO,AUDI/Q3 2.0 TFSI,2024,2.0
SAO PAULO,RIBEIRAO PRETO,AUDI/Q3 SPB 2.0 TFSI,2024,6.0
SAO PAULO,RIBEIRAO PRETO,I/AUDI A3 SB HIBRIDO,2024,1.0
SAO PAULO,RIBEIRAO PRETO,I/AUDI A3 SD HIBRIDO,2024,6.0
SAO PAULO,RIBEIRAO PRETO,I/AUDI A3 SEDAN 2.0,2024,2.0
SAO PAULO,RIBEIRAO PRETO,I/AUDI A4 2.0 SE QUATTRO,2024,2.0
SAO PAULO,RIBEIRAO PRETO,I/AUDI A5 2.0 SB QUATTRO,2024,6.0
SAO PAULO,RIBEIRAO PRETO,I/AUDI Q3 2.0 TFSI,2024,8.0
SAO PAULO,RIBEIRAO PRETO,I/AUDI Q3 SPB 2.0 TFSI,2024,3.0
SAO PAULO,RIBEIRAO PRETO,I/AUDI Q5 2.0 TFSI,2024,6.0
SAO PAULO,RIBEIRAO PRETO,I/AUDI Q5 P-HIBRIDO,2024,8.0
SAO PAULO,RIBEIRAO PRETO,I/AUDI Q5 SB P-HIBRIDO,2024,6.0
SAO PAULO,RIBEIRAO PRETO,I/AUDI Q7 HIBRIDO,2024,1.0
SAO PAULO,RIBEIRAO PRETO,I/AUDI Q8 SB HIBRIDO,2024,3.0
SAO PAULO,RIO CLARO,AUDI/Q3 2.0 TFSI,2024,1.0
SAO PAULO,RIO CLARO,I/AUDI Q5 2.0 TFSI,2024,2.0
SAO PAULO,RIO CLARO,I/AUDI Q5 SB P-HIBRIDO,2024,2.0
SAO PAULO,SALTO,AUDI/Q3 2.0 TFSI,2024,1.0
SAO PAULO,SALTO,I/AUDI A3 SD HIBRIDO,2024,1.0
SAO PAULO,SANTA BARBARA D'OESTE,AUDI/Q3 SPB 2.0 TFSI,2024,1.0
SAO PAULO,SANTA CRUZ DAS PALMEIRAS,I/AUDI Q3 2.0 TFSI,2024,1.0
SAO PAULO,SANTA CRUZ DAS PALMEIRAS,I/AUDI Q8 SB HIBRIDO,2024,1.0
SAO PAULO,SANTA FE DO SUL,I/AUDI Q3 2.0 TFSI,2024,1.0
SAO PAULO,SANTANA DE PARNAIBA,AUDI/Q3 2.0 TFSI,2024,2.0
SAO PAULO,SANTANA DE PARNAIBA,AUDI/Q3 SPB 2.0 TFSI,2024,3.0
SAO PAULO,SANTANA DE PARNAIBA,I/AUDI A3 SB HIBRIDO,2024,2.0
SAO PAULO,SANTANA DE PARNAIBA,I/AUDI A3 SD HIBRIDO,2024,3.0
SAO PAULO,SANTANA DE PARNAIBA,I/AUDI A3 SEDAN 2.0,2024,1.0
SAO PAULO,SANTANA DE PARNAIBA,I/AUDI A4 2.0 SE QUATTRO,2024,2.0
SAO PAULO,SANTANA DE PARNAIBA,I/AUDI A5 2.0 SB QUATTRO,2024,2.0
SAO PAULO,SANTANA DE PARNAIBA,I/AUDI Q3 2.0 TFSI,2024,4.0
SAO PAULO,SANTANA DE PARNAIBA,I/AUDI Q5 2.0 TFSI,2024,2.0
SAO PAULO,SANTANA DE PARNAIBA,I/AUDI Q5 P-HIBRIDO,2024,3.0
SAO PAULO,SANTANA DE PARNAIBA,I/AUDI Q5 SB P-HIBRIDO,2024,3.0
SAO PAULO,SANTANA DE PARNAIBA,I/AUDI Q8 SB HIBRIDO,2024,1.0
SAO PAULO,SANTANA DE PARNAIBA,I/AUDI RS 5 SB COMP PLUS,2024,1.0
SAO PAULO,SANTANA DE PARNAIBA,I/AUDI RS6 AV PERF HIB,2024,2.0
SAO PAULO,SANTO ANDRE,AUDI/Q3 2.0 TFSI,2024,6.0
SAO PAULO,SANTO ANDRE,AUDI/Q3 SPB 2.0 TFSI,2024,6.0
SAO PAULO,SANTO ANDRE,I/AUDI A3 SB HIBRIDO,2024,1.0
SAO PAULO,SANTO ANDRE,I/AUDI A3 SD HIBRIDO,2024,1.0
SAO PAULO,SANTO ANDRE,I/AUDI A3 SEDAN 2.0,2024,3.0
SAO PAULO,SANTO ANDRE,I/AUDI A4 2.0 SE QUATTRO,2024,2.0
SAO PAULO,SANTO ANDRE,I/AUDI Q3 2.0 TFSI,2024,5.0
SAO PAULO,SANTO ANDRE,I/AUDI Q3 SPB 2.0 TFSI,2024,7.0
SAO PAULO,SANTO ANDRE,I/AUDI Q5 P-HIBRIDO,2024,4.0
SAO PAULO,SANTO ANDRE,I/AUDI Q8 SB HIBRIDO,2024,1.0
SAO PAULO,SANTO ANDRE,I/AUDI RS 5 SB COMP PLUS,2024,1.0
SAO PAULO,SANTO ANDRE,I/AUDI RS6 AV PERF HIB,2024,1.0
SAO PAULO,SANTOS,AUDI/Q3 2.0 TFSI,2024,6.0
SAO PAULO,SANTOS,AUDI/Q3 SPB 2.0 TFSI,2024,12.0
SAO PAULO,SANTOS,I/AUDI A3 SB HIBRIDO,2024,3.0
SAO PAULO,SANTOS,I/AUDI A3 SD HIBRIDO,2024,2.0
SAO PAULO,SANTOS,I/AUDI A3 SEDAN 2.0,2024,2.0
SAO PAULO,SANTOS,I/AUDI A4 2.0 SE QUATTRO,2024,1.0
SAO PAULO,SANTOS,I/AUDI A5 2.0 SB QUATTRO,2024,6.0
SAO PAULO,SANTOS,I/AUDI Q3 2.0 TFSI,2024,9.0
SAO PAULO,SANTOS,I/AUDI Q3 SPB 2.0 TFSI,2024,9.0
SAO PAULO,SANTOS,I/AUDI Q5 2.0 TFSI,2024,8.0
SAO PAULO,SANTOS,I/AUDI Q5 P-HIBRIDO,2024,2.0
SAO PAULO,SANTOS,I/AUDI Q5 SB P-HIBRIDO,2024,6.0
SAO PAULO,SANTOS,I/AUDI Q7 HIBRIDO,2024,1.0
SAO PAULO,SANTOS,I/AUDI Q8 SB HIBRIDO,2024,1.0
SAO PAULO,SANTOS,I/AUDI RS6 AV PERF HIB,2024,2.0
SAO PAULO,SAO BERNARDO DO CAMPO,AUDI/Q3 2.0 TFSI,2024,2.0
SAO PAULO,SAO BERNARDO DO CAMPO,AUDI/Q3 SPB 2.0 TFSI,2024,1.0
SAO PAULO,SAO BERNARDO DO CAMPO,I/AUDI A3 SB HIBRIDO,2024,1.0
SAO PAULO,SAO BERNARDO DO CAMPO,I/AUDI A3 SEDAN 2.0,2024,1.0
SAO PAULO,SAO BERNARDO DO CAMPO,I/AUDI A5 2.0 SB QUATTRO,2024,3.0
SAO PAULO,SAO BERNARDO DO CAMPO,I/AUDI Q3 2.0 TFSI,2024,2.0
SAO PAULO,SAO BERNARDO DO CAMPO,I/AUDI Q3 SPB 2.0 TFSI,2024,6.0
SAO PAULO,SAO BERNARDO DO CAMPO,I/AUDI Q5 2.0 TFSI,2024,1.0
SAO PAULO,SAO BERNARDO DO CAMPO,I/AUDI Q5 P-HIBRIDO,2024,5.0
SAO PAULO,SAO BERNARDO DO CAMPO,I/AUDI Q5 SB P-HIBRIDO,2024,3.0
SAO PAULO,SAO BERNARDO DO CAMPO,I/AUDI RS6 AV PERF HIB,2024,1.0
SAO PAULO,SAO CAETANO DO SUL,AUDI/Q3 2.0 TFSI,2024,1.0
SAO PAULO,SAO CAETANO DO SUL,I/AUDI A3 SB HIBRIDO,2024,2.0
SAO PAULO,SAO CAETANO DO SUL,I/AUDI A3 SD HIBRIDO,2024,1.0
SAO PAULO,SAO CAETANO DO SUL,I/AUDI A4 2.0 SE QUATTRO,2024,1.0
SAO PAULO,SAO CAETANO DO SUL,I/AUDI Q3 2.0 TFSI,2024,2.0
SAO PAULO,SAO CAETANO DO SUL,I/AUDI Q3 SPB 2.0 TFSI,2024,2.0
SAO PAULO,SAO CAETANO DO SUL,I/AUDI Q5 2.0 TFSI,2024,3.0
SAO PAULO,SAO CAETANO DO SUL,I/AUDI Q5 SB P-HIBRIDO,2024,1.0
SAO PAULO,SAO CARLOS,I/AUDI Q3 2.0 TFSI,2024,1.0
SAO PAULO,SAO CARLOS,I/AUDI Q3 SPB 2.0 TFSI,2024,2.0
SAO PAULO,SAO CARLOS,I/AUDI Q5 SB P-HIBRIDO,2024,1.0
SAO PAULO,SAO JOAO DA BOA VISTA,AUDI/Q3 SPB 2.0 TFSI,2024,1.0
SAO PAULO,SAO JOAO DA BOA VISTA,I/AUDI Q3 2.0 TFSI,2024,1.0
SAO PAULO,SAO JOAO DA BOA VISTA,I/AUDI Q5 SB P-HIBRIDO,2024,1.0
SAO PAULO,SAO JOSE DO RIO PRETO,AUDI/Q3 2.0 TFSI,2024,14.0
SAO PAULO,SAO JOSE DO RIO PRETO,AUDI/Q3 SPB 2.0 TFSI,2024,6.0
SAO PAULO,SAO JOSE DO RIO PRETO,I/AUDI A3 SB HIBRIDO,2024,3.0
SAO PAULO,SAO JOSE DO RIO PRETO,I/AUDI A3 SD HIBRIDO,2024,1.0
SAO PAULO,SAO JOSE DO RIO PRETO,I/AUDI A3 SEDAN 2.0,2024,1.0
SAO PAULO,SAO JOSE DO RIO PRETO,I/AUDI A4 2.0 SE QUATTRO,2024,2.0
SAO PAULO,SAO JOSE DO RIO PRETO,I/AUDI A5 2.0 SB QUATTRO,2024,4.0
SAO PAULO,SAO JOSE DO RIO PRETO,I/AUDI Q3 2.0 TFSI,2024,5.0
SAO PAULO,SAO JOSE DO RIO PRETO,I/AUDI Q3 SPB 2.0 TFSI,2024,7.0
SAO PAULO,SAO JOSE DO RIO PRETO,I/AUDI Q5 2.0 TFSI,2024,10.0
SAO PAULO,SAO JOSE DO RIO PRETO,I/AUDI Q5 P-HIBRIDO,2024,11.0
SAO PAULO,SAO JOSE DO RIO PRETO,I/AUDI Q5 SB P-HIBRIDO,2024,2.0
SAO PAULO,SAO JOSE DO RIO PRETO,I/AUDI Q8 SB HIBRIDO,2024,2.0
SAO PAULO,SAO JOSE DO RIO PRETO,I/AUDI RS6 AV PERF HIB,2024,3.0
SAO PAULO,SAO JOSE DOS CAMPOS,AUDI/Q3 2.0 TFSI,2024,11.0
SAO PAULO,SAO JOSE DOS CAMPOS,AUDI/Q3 SPB 2.0 TFSI,2024,1.0
SAO PAULO,SAO JOSE DOS CAMPOS,I/AUDI A3 SB HIBRIDO,2024,2.0
SAO PAULO,SAO JOSE DOS CAMPOS,I/AUDI A3 SD HIBRIDO,2024,4.0
SAO PAULO,SAO JOSE DOS CAMPOS,I/AUDI A3 SEDAN 2.0,2024,1.0
SAO PAULO,SAO JOSE DOS CAMPOS,I/AUDI A4 2.0 SE QUATTRO,2024,3.0
SAO PAULO,SAO JOSE DOS CAMPOS,I/AUDI A5 2.0 SB QUATTRO,2024,3.0
SAO PAULO,SAO JOSE DOS CAMPOS,I/AUDI Q3 2.0 TFSI,2024,3.0
SAO PAULO,SAO JOSE DOS CAMPOS,I/AUDI Q3 SPB 2.0 TFSI,2024,2.0
SAO PAULO,SAO JOSE DOS CAMPOS,I/AUDI Q5 2.0 TFSI,2024,3.0
SAO PAULO,SAO JOSE DOS CAMPOS,I/AUDI Q5 P-HIBRIDO,2024,3.0
SAO PAULO,SAO JOSE DOS CAMPOS,I/AUDI Q5 SB P-HIBRIDO,2024,1.0
SAO PAULO,SAO JOSE DOS CAMPOS,I/AUDI RS6 AV PERF HIB,2024,1.0
SAO PAULO,SAO MANUEL,AUDI/Q3 2.0 TFSI,2024,1.0
SAO PAULO,SAO PAULO,AUDI/Q3 2.0 TFSI,2024,122.0
SAO PAULO,SAO PAULO,AUDI/Q3 SPB 2.0 TFSI,2024,71.0
SAO PAULO,SAO PAULO,I/AUDI A3 SB HIBRIDO,2024,54.0
SAO PAULO,SAO PAULO,I/AUDI A3 SD HIBRIDO,2024,43.0
SAO PAULO,SAO PAULO,I/AUDI A3 SEDAN 2.0,2024,25.0
SAO PAULO,SAO PAULO,I/AUDI A4 2.0 SE QUATTRO,2024,64.0
SAO PAULO,SAO PAULO,I/AUDI A5 2.0 SB QUATTRO,2024,53.0
SAO PAULO,SAO PAULO,I/AUDI A5 SPB 2.0 TFSI,2024,1.0
SAO PAULO,SAO PAULO,I/AUDI Q3 2.0 TFSI,2024,197.0
SAO PAULO,SAO PAULO,I/AUDI Q3 F3BCEA,2024,1.0
SAO PAULO,SAO PAULO,I/AUDI Q3 SPB 2.0 TFSI,2024,118.0
SAO PAULO,SAO PAULO,I/AUDI Q5 2.0 TFSI,2024,116.0
SAO PAULO,SAO PAULO,I/AUDI Q5 2.0TFSI,2024,2.0
SAO PAULO,SAO PAULO,I/AUDI Q5 P-HIBRIDO,2024,118.0
SAO PAULO,SAO PAULO,I/AUDI Q5 S LINE TSFI,2024,1.0
SAO PAULO,SAO PAULO,I/AUDI Q5 SB P-HIBRIDO,2024,57.0
SAO PAULO,SAO PAULO,I/AUDI Q6 ETRON QUATTRO,2024,8.0
SAO PAULO,SAO PAULO,I/AUDI Q7 HIBRIDO,2024,14.0
SAO PAULO,SAO PAULO,I/AUDI Q8 SB HIBRIDO,2024,14.0
SAO PAULO,SAO PAULO,I/AUDI RS 5 SB COMP PLUS,2024,1.0
SAO PAULO,SAO PAULO,I/AUDI RS6 AV PERF HIB,2024,11.0
SAO PAULO,SAO ROQUE,AUDI/Q3 SPB 2.0 TFSI,2024,1.0
SAO PAULO,SAO SEBASTIAO,AUDI/Q3 2.0 TFSI,2024,1.0
SAO PAULO,SAO SEBASTIAO,I/AUDI Q5 2.0 TFSI,2024,1.0
SAO PAULO,SAO VICENTE,I/AUDI Q3 2.0 TFSI,2024,2.0
SAO PAULO,SERRANA,I/AUDI Q3 2.0 TFSI,2024,1.0
SAO PAULO,SERTAOZINHO,AUDI/Q3 2.0 TFSI,2024,1.0
SAO PAULO,SERTAOZINHO,I/AUDI A3 SB HIBRIDO,2024,1.0
SAO PAULO,SERTAOZINHO,I/AUDI Q3 2.0 TFSI,2024,1.0
SAO PAULO,SERTAOZINHO,I/AUDI Q5 P-HIBRIDO,2024,1.0
SAO PAULO,SOCORRO,AUDI/Q3 SPB 2.0 TFSI,2024,1.0
SAO PAULO,SOROCABA,AUDI/Q3 2.0 TFSI,2024,4.0
SAO PAULO,SOROCABA,AUDI/Q3 SPB 2.0 TFSI,2024,12.0
SAO PAULO,SOROCABA,I/AUDI A3 SB HIBRIDO,2024,1.0
SAO PAULO,SOROCABA,I/AUDI A3 SD HIBRIDO,2024,3.0
SAO PAULO,SOROCABA,I/AUDI A3 SEDAN 2.0,2024,2.0
SAO PAULO,SOROCABA,I/AUDI A4 2.0 SE QUATTRO,2024,1.0
SAO PAULO,SOROCABA,I/AUDI A5 2.0 SB QUATTRO,2024,4.0
SAO PAULO,SOROCABA,I/AUDI Q3 2.0 TFSI,2024,9.0
SAO PAULO,SOROCABA,I/AUDI Q3 SPB 2.0 TFSI,2024,8.0
SAO PAULO,SOROCABA,I/AUDI Q5 2.0 TFSI,2024,8.0
SAO PAULO,SOROCABA,I/AUDI Q5 P-HIBRIDO,2024,1.0
SAO PAULO,SOROCABA,I/AUDI Q5 SB P-HIBRIDO,2024,4.0
SAO PAULO,SOROCABA,I/AUDI Q8 SB HIBRIDO,2024,3.0
SAO PAULO,SOROCABA,I/AUDI RS 5 SB COMP PLUS,2024,1.0
SAO PAULO,SUMARE,I/AUDI A3 SB HIBRIDO,2024,1.0
SAO PAULO,SUMARE,I/AUDI A3 SD HIBRIDO,2024,2.0
SAO PAULO,SUZANO,I/AUDI A3 SD HIBRIDO,2024,1.0
SAO PAULO,SUZANO,I/AUDI Q3 2.0 TFSI,2024,1.0
SAO PAULO,SUZANO,I/AUDI Q5 2.0 TFSI,2024,1.0
SAO PAULO,SUZANO,I/AUDI Q5 P-HIBRIDO,2024,2.0
SAO PAULO,TABOAO DA SERRA,AUDI/Q3 SPB 2.0 TFSI,2024,1.0
SAO PAULO,TABOAO DA SERRA,I/AUDI A3 SEDAN 2.0,2024,1.0
SAO PAULO,TABOAO DA SERRA,I/AUDI Q3 SPB 2.0 TFSI,2024,1.0
SAO PAULO,TAQUARITINGA,I/AUDI A3 SD HIBRIDO,2024,1.0
SAO PAULO,TAQUARITINGA,I/AUDI A3 SEDAN 2.0,2024,1.0
SAO PAULO,TAQUARITINGA,I/AUDI Q5 P-HIBRIDO,2024,1.0
SAO PAULO,TAQUARITUBA,I/AUDI Q5 2.0 TFSI,2024,1.0
SAO PAULO,TATUI,AUDI/Q3 SPB 2.0 TFSI,2024,2.0
SAO PAULO,TATUI,I/AUDI A3 SEDAN 2.0,2024,1.0
SAO PAULO,TAUBATE,I/AUDI A3 SD HIBRIDO,2024,1.0
SAO PAULO,TAUBATE,I/AUDI A3 SEDAN 2.0,2024,1.0
SAO PAULO,TAUBATE,I/AUDI Q3 2.0 TFSI,2024,1.0
SAO PAULO,TAUBATE,I/AUDI Q5 2.0 TFSI,2024,1.0
SAO PAULO,TAUBATE,I/AUDI Q5 SB P-HIBRIDO,2024,1.0
SAO PAULO,TERRA ROXA,I/AUDI A3 SB HIBRIDO,2024,1.0
SAO PAULO,TIETE,AUDI/Q3 2.0 TFSI,2024,1.0
SAO PAULO,TIETE,I/AUDI A3 SEDAN 2.0,2024,1.0
SAO PAULO,TREMEMBE,I/AUDI A3 SEDAN 2.0,2024,1.0
SAO PAULO,TREMEMBE,I/AUDI Q5 2.0 TFSI,2024,1.0
SAO PAULO,TUPA,I/AUDI Q3 2.0 TFSI,2024,1.0
SAO PAULO,UBATUBA,I/AUDI Q5 2.0 TFSI,2024,1.0
SAO PAULO,UBATUBA,I/AUDI Q6 ETRON QUATTRO,2024,1.0
SAO PAULO,URUPES,AUDI/Q3 SPB 2.0 TFSI,2024,1.0
SAO PAULO,VALINHOS,AUDI/Q3 2.0 TFSI,2024,1.0
SAO PAULO,VALINHOS,AUDI/Q3 SPB 2.0 TFSI,2024,3.0
SAO PAULO,VALINHOS,I/AUDI A3 SD HIBRIDO,2024,2.0
SAO PAULO,VALINHOS,I/AUDI Q5 2.0 TFSI,2024,1.0
SAO PAULO,VALINHOS,I/AUDI Q5 P-HIBRIDO,2024,1.0
SAO PAULO,VARGEM GRANDE DO SUL,I/AUDI RS6 AV PERF HIB,2024,1.0
SAO PAULO,VARGEM GRANDE PAULISTA,I/AUDI Q3 2.0 TFSI,2024,1.0
SAO PAULO,VINHEDO,AUDI/Q3 2.0 TFSI,2024,1.0
SAO PAULO,VINHEDO,AUDI/Q3 SPB 2.0 TFSI,2024,1.0
SAO PAULO,VINHEDO,I/AUDI A3 SB HIBRIDO,2024,1.0
SAO PAULO,VINHEDO,I/AUDI A3 SD HIBRIDO,2024,1.0
SAO PAULO,VINHEDO,I/AUDI A5 2.0 SB QUATTRO,2024,1.0
SAO PAULO,VINHEDO,I/AUDI Q5 2.0 TFSI,2024,1.0
SAO PAULO,VINHEDO,I/AUDI Q5 P-HIBRIDO,2024,1.0
SAO PAULO,VOTORANTIM,AUDI/Q3 2.0 TFSI,2024,1.0
SAO PAULO,VOTORANTIM,I/AUDI A3 SB HIBRIDO,2024,1.0
SAO PAULO,VOTORANTIM,I/AUDI A4 2.0 SE QUATTRO,2024,1.0
SAO PAULO,VOTORANTIM,I/AUDI Q3 SPB 2.0 TFSI,2024,1.0
SAO PAULO,VOTORANTIM,I/AUDI Q5 P-HIBRIDO,2024,1.0
SAO PAULO,VOTORANTIM,I/AUDI Q5 SB P-HIBRIDO,2024,1.0
SAO PAULO,VOTORANTIM,I/AUDI Q7 HIBRIDO,2024,1.0
SAO PAULO,VOTORANTIM,I/AUDI Q8 SB HIBRIDO,2024,1.0
SAO PAULO,VOTUPORANGA,AUDI/Q3 2.0 TFSI,2024,1.0
SAO PAULO,VOTUPORANGA,I/AUDI A3 SB HIBRIDO,2024,1.0
SERGIPE,ARACAJU,AUDI/Q3 2.0 TFSI,2024,5.0
SERGIPE,ARACAJU,I/AUDI A3 SEDAN 2.0,2024,1.0
SERGIPE,ARACAJU,I/AUDI A5 2.0 SB QUATTRO,2024,1.0
SERGIPE,ARACAJU,I/AUDI Q3 2.0 TFSI,2024,2.0
SERGIPE,ARACAJU,I/AUDI Q3 SPB 2.0 TFSI,2024,3.0
SERGIPE,ARACAJU,I/AUDI Q5 2.0 TFSI,2024,1.0
SERGIPE,ARACAJU,I/AUDI Q5 P-HIBRIDO,2024,1.0
SERGIPE,ARACAJU,I/AUDI Q5 SB P-HIBRIDO,2024,3.0
SERGIPE,ARACAJU,I/AUDI Q7 HIBRIDO,2024,2.0
SERGIPE,ARACAJU,I/AUDI Q8 SB HIBRIDO,2024,1.0
SERGIPE,ITABAIANA,I/AUDI A5 2.0 SB QUATTRO,2024,1.0
SERGIPE,ITABAIANA,I/AUDI Q3 SPB 2.0 TFSI,2024,1.0
SERGIPE,LAGARTO,AUDI/Q3 2.0 TFSI,2024,1.0
SERGIPE,LAGARTO,I/AUDI Q5 SB P-HIBRIDO,2024,1.0
SERGIPE,SAO CRISTOVAO,I/AUDI Q6 ETRON QUATTRO,2024,1.0
